SKU Code,SKU Description,Component Code,Component Description,Base Quantity per 1000 CS,UOM
31377,CCDC  11 FHS White TB + Cap 18,P11230098,CAP 18 (SLIP CAP),1000,PC
31380,Value Age 2+ YHX Red TB + Cap 19,P11230099,CAP 19 (SLIP CAP),1000,PC
31381,Value Age 2+YHX BL TB + Cap 19,P11230099,CAP 19 (SLIP CAP),1000,PC
31382,Value Age 2+ YHX GN TB + Cap 19,P11230099,CAP 19 (SLIP CAP),1000,PC
31387,Value Age 2+ YHX Pk TB + Cap 19,P11230099,CAP 19 (SLIP CAP),1000,PC
32135,CC 21 FHM WT/BL TB+CAP18,P11230098,CAP 18 (SLIP CAP),1000,PC
32136,CC 21 FHM WT/GN TB+CAP18,P11230098,CAP 18 (SLIP CAP),1000,PC
32137,CC 21 FHM WT/PK TB+CAP18,P11230098,CAP 18 (SLIP CAP),1000,PC
32138,CC 21 FHM WT/PU TB+CAP18,P11230098,CAP 18 (SLIP CAP),1000,PC
32320,EC_22RPP_M_BLUE+CAP 19,P11230099,CAP 19 (SLIP CAP),1000,PC
32321,EC_22RPP_M GREEN TB + CAP 19,P11230099,CAP 19 (SLIP CAP),1000,PC
32322,EC_22RPP_M VIOLET TB + CAP19,P11230099,CAP 19 (SLIP CAP),1000,PC
32323,EC_22RPP_M RED TB + CAP19,P11230099,CAP 19 (SLIP CAP),1000,PC
32380,PC 22 FHM BL/BL TB+CAP18,P11230098,CAP 18 (SLIP CAP),1000,PC
32381,PC 22 FHM GN/GN TB+CAP18,P11230098,CAP 18 (SLIP CAP),1000,PC
32382,PC 22 FHM PK/PK TB+CAP18,P11230098,CAP 18 (SLIP CAP),1000,PC
32383,PC 22 FHM PU/PU TB+CAP18,P11230098,CAP 18 (SLIP CAP),1000,PC
32400,TWISTER BASE 23 FHM CL/BL TB+CAP19,P11230099,CAP 19 (SLIP CAP),1000,PC
32401,TWISTER BASE 23 FHM CL/GN TB+CAP19,P11230099,CAP 19 (SLIP CAP),1000,PC
32402,TWISTER BASE 23 FHM CL/PK TB+CAP19,P11230099,CAP 19 (SLIP CAP),1000,PC
32403,TWISTER BASE 23 FHM CL/OR TB+CAP19,P11230099,CAP 19 (SLIP CAP),1000,PC
32404,TWISTER BASE 23 FHS CL/BL TB+CAP19,P11230099,CAP 19 (SLIP CAP),1000,PC
32405,TWISTER BASE 23 FHS CL/GN TB+CAP19,P11230099,CAP 19 (SLIP CAP),1000,PC
32406,TWISTER BASE 23 FHS CL/PK TB+CAP19,P11230099,CAP 19 (SLIP CAP),1000,PC
32407,TWISTER BASE 23 FHS CL/OR TB+CAP19,P11230099,CAP 19 (SLIP CAP),1000,PC
32420,PRO CUIDADO 22 CHM OR/BK TB+CAP19,P11230099,CAP 19 (SLIP CAP),1000,PC
32421,PRO CUIDADO 22 CHM PK/BK TB+CAP19,P11230099,CAP 19 (SLIP CAP),1000,PC
32422,PRO CUIDADO 22 CHM GN/BK TB+CAP19,P11230099,CAP 19 (SLIP CAP),1000,PC
32423,PRO CUIDADO 22 CHM BL/BK TB+CAP19,P11230099,CAP 19 (SLIP CAP),1000,PC
32530,Super Flexible 24 FHS WT/BL TB + CAP 18,P11230098,CAP 18 (SLIP CAP),1000,PC
32531,Super Flexible 24 FHS WT/GN TB + CAP 18,P11230098,CAP 18 (SLIP CAP),1000,PC
32532,Super Flexible 24 FHS WT/VT TB + CAP 18,P11230098,CAP 18 (SLIP CAP),1000,PC
32533,Super Flexible 24 FHM WT/BL TB + CAP 18,P11230098,CAP 18 (SLIP CAP),1000,PC
32534,Super Flexible 24 FHM WT/GN TB + CAP 18,P11230098,CAP 18 (SLIP CAP),1000,PC
32535,Super Flexible 24 FHM WT/VT TB + CAP 18,P11230098,CAP 18 (SLIP CAP),1000,PC
32580,Super Flexible RPP 24 FHS WT/BL TB+CAP18,P11230098,CAP 18 (SLIP CAP),1000,PC
32581,Super Flexible RPP 24 FHS WT/GN TB+CAP18,P11230098,CAP 18 (SLIP CAP),1000,PC
32582,Super Flexible RPP 24 FHS WT/VT TB+CAP18,P11230098,CAP 18 (SLIP CAP),1000,PC
32583,Super Flexible RPP 24 FHM WT/BL TB+CAP18,P11230098,CAP 18 (SLIP CAP),1000,PC
32584,Super Flexible RPP 24 FHM WT/GN TB+CAP18,P11230098,CAP 18 (SLIP CAP),1000,PC
32585,Super Flexible RPP 24 FHM WT/VT TB+CAP18,P11230098,CAP 18 (SLIP CAP),1000,PC
32630,CTBM 360 AFT FH M  8PK_US,P11212740,BC 360RE 23 M 8PK 193MM US,1000,PC
32630,CTBM 360 AFT FH M  8PK_US,P11220290,PET ROLL 0.4x215mm S1,29.025,KG
32630,CTBM 360 AFT FH M  8PK_US,P11251027,STICKER 360RE 23 129x63 ROLLL US,1000,PC
32631,CTBM 360 AFT FH S  8PK_US,P11212741,BC 360RE 23 S 8PK 193MM US,1000,PC
32631,CTBM 360 AFT FH S  8PK_US,P11220290,PET ROLL 0.4x215mm S1,29.025,KG
32631,CTBM 360 AFT FH S  8PK_US,P11251027,STICKER 360RE 23 129x63 ROLLL US,1000,PC
32641,ZigZag RL 25 FHS AG/BL TB+CAP20,P11230094,CAP 20 SLIP CAP-SAKURA,1000,PC
32651,ZigZag RL 25 FHS AG/RD TB+CAP20,P11230094,CAP 20 SLIP CAP-SAKURA,1000,PC
32652,ZigZag RL 25 FHS AG/GN TB+CAP20,P11230094,CAP 20 SLIP CAP-SAKURA,1000,PC
32653,ZigZag RL 25 FHM AG/BL TB+CAP20,P11230094,CAP 20 SLIP CAP-SAKURA,1000,PC
32655,ZigZag RL 25 FHM AG/RD TB+CAP20,P11230094,CAP 20 SLIP CAP-SAKURA,1000,PC
32656,ZigZag RL 25 FHM AG/GN TB+CAP20,P11230094,CAP 20 SLIP CAP-SAKURA,1000,PC
32657,CTBM Premier GCCC FH S HG6*144 LV2,P11212652,BC GCCC_19 FHS HG S6x2 2PK 42MM + LB TH,6000,PC
32657,CTBM Premier GCCC FH S HG6*144 LV2,P11220297,25% PCR 0.4x540 mm HG S6x2 2PK 42MM,35.19,KG
32657,CTBM Premier GCCC FH S HG6*144 LV2,P11270106,ELASTIC STAPLE-HANGER-150MM-10KPCS/ROLL,0.1,ROL
32658,SF Black RPP 25 FHS BK/BL TB+CAP18,P11230098,CAP 18 (SLIP CAP),1000,PC
32659,SF Black RPP 25 FHS BK/GN TB+CAP18,P11230098,CAP 18 (SLIP CAP),1000,PC
32670,SF Black RPP 25 FHS BK/PU TB+CAP18,P11230098,CAP 18 (SLIP CAP),1000,PC
32671,SF Black RPP 25 FHM BK/BL TB+CAP18,P11230098,CAP 18 (SLIP CAP),1000,PC
32672,SF Black RPP 25 FHM BK/GN TB+CAP18,P11230098,CAP 18 (SLIP CAP),1000,PC
32673,SF Black RPP 25 FHM BK/PU TB+CAP18,P11230098,CAP 18 (SLIP CAP),1000,PC
32730,TWISTER BASE 25 FHS CL/BL TB+CAP19,P11230099,CAP 19 (SLIP CAP),1000,PC
32731,TWISTER BASE 25 FHS CL/GN TB+CAP19,P11230099,CAP 19 (SLIP CAP),1000,PC
32732,TWISTER BASE 25 FHS CL/PK TB+CAP19,P11230099,CAP 19 (SLIP CAP),1000,PC
32733,TWISTER BASE 25 FHS CL/OR TB+CAP19,P11230099,CAP 19 (SLIP CAP),1000,PC
32734,Twister Base 25 FHM CL/BL TB+CAP19,P11230099,CAP 19 (SLIP CAP),1000,PC
32735,Twister Base 25 FHM CL/GN TB+CAP19,P11230099,CAP 19 (SLIP CAP),1000,PC
32736,Twister Base 25 FHM CL/PK TB+CAP19,P11230099,CAP 19 (SLIP CAP),1000,PC
32737,Twister Base 25 FHM CL/OR TB+CAP19,P11230099,CAP 19 (SLIP CAP),1000,PC
32790,ZigZag RL 25 FHS AG/Violet TB+CAP20,P11230094,CAP 20 SLIP CAP-SAKURA,1000,PC
32791,ZigZag RL 25 FHM AG/Violet TB+CAP20,P11230094,CAP 20 SLIP CAP-SAKURA,1000,PC
155333,PLUS TB ADL CS MU 2PK FHS,P11212765,BC EC 22RPP S 2PK 52MM US,36000,PC
155333,PLUS TB ADL CS MU 2PK FHS,P11251041,STICKER EC 22RPP 32X76 ROLL US,36000,PC
155333,PLUS TB ADL CS MU 2PK FHS,P11270228,Pouch bag EC 22RPP S 2PK 52mm 6Packs US,6000,PC
155333,PLUS TB ADL CS MU 2PK FHS,P11242404,SHIPPER EC 22RPP S 1PK 6Bags 72 US,1000,PC
155333,PLUS TB ADL CS MU 2PK FHS,P11220302,25% PCR PET ROLL 0.3x292mm S5 25kg,197.13,KG
155333,PLUS TB ADL CS MU 2PK FHS,P11270120,Slip Sheet 40x48 0.8MM,10.42,PC
155333,PLUS TB ADL CS MU 2PK FHS,P11270195,STRETCH WRAP FILM 12 MIC ROLL 500MM 14KG,3.04,KG
155333,PLUS TB ADL CS MU 2PK FHS,P11270073,OPP TAPE WITH LOGO-910m,0.99,ROL
155809,PLUS TB- ADL 2PK FHM,P11212766,BC EC 22RPP M 2PK 52MM US,36000,PC
155809,PLUS TB- ADL 2PK FHM,P11251041,STICKER EC 22RPP 32X76 ROLL US,36000,PC
155809,PLUS TB- ADL 2PK FHM,P11270229,Pouch bag EC 22RPP M 2PK 52mm 6Packs US,6000,PC
155809,PLUS TB- ADL 2PK FHM,P11242405,SHIPPER EC 22RPP M 1PK 6Bags 72 US,1000,PC
155809,PLUS TB- ADL 2PK FHM,P11220302,25% PCR PET ROLL 0.3x292mm S5 25kg,197.13,KG
155809,PLUS TB- ADL 2PK FHM,P11270120,Slip Sheet 40x48 0.8MM,10.42,PC
155809,PLUS TB- ADL 2PK FHM,P11270195,STRETCH WRAP FILM 12 MIC ROLL 500MM 14KG,3.04,KG
155809,PLUS TB- ADL 2PK FHM,P11270073,OPP TAPE WITH LOGO-910m,0.99,ROL
155814,KIDS TB JNR CS BK BRIGHT SMILES WIP,P11242408,SHIPPER K2 YHX 2 Inners 72 US,1000,PC
155814,KIDS TB JNR CS BK BRIGHT SMILES WIP,P11270220,Cellopack K2 YHX 205x100 mm US,72000,PC
155814,KIDS TB JNR CS BK BRIGHT SMILES WIP,P11260201,INNER K2 YHX 36 Bags US,2000,PC
155814,KIDS TB JNR CS BK BRIGHT SMILES WIP,P11270056,OPP TAPE 4.8cm WITH LOGO,8.29,ROL
155814,KIDS TB JNR CS BK BRIGHT SMILES WIP,P11270120,Slip Sheet 40x48 0.8MM,8.334,PC
155814,KIDS TB JNR CS BK BRIGHT SMILES WIP,P11270195,STRETCH WRAP FILM 12 MIC ROLL 500MM 14KG,2.17,KG
168742,COLGATE 360 TB ADULT CS MU FHS 4PK,P11212590,BC 360RE_23 FHS 4PK 85MM NA,18000,PC
168742,COLGATE 360 TB ADULT CS MU FHS 4PK,P11242265,SHIPPER 360RE_23 FHS 4PK INNER 72 NA,1000,PC
168742,COLGATE 360 TB ADULT CS MU FHS 4PK,P11250975,STICKER 360RE_23 65X76 ROLL NA,18000,PC
168742,COLGATE 360 TB ADULT CS MU FHS 4PK,P11260191,INNER 360RE_23 FHS 4PK 85MM NA,3000,PC
168742,COLGATE 360 TB ADULT CS MU FHS 4PK,P11220292,PET ROLL 0.4 x 276mm S3,210.15,KG
168742,COLGATE 360 TB ADULT CS MU FHS 4PK,P11270073,OPP TAPE WITH LOGO-910m,0.79,ROL
168742,COLGATE 360 TB ADULT CS MU FHS 4PK,P11270120,Slip Sheet 40x48 0.8MM,10,PC
168742,COLGATE 360 TB ADULT CS MU FHS 4PK,P11270195,STRETCH WRAP FILM 12 MIC ROLL 500MM 14KG,2.8,KG
168743,COLGATE 360 TB ADULT CS MU FHM 4PK,P11242263,SHIPPER 360RE_23 FHM 4PK INNER 72 US,1000,PC
168743,COLGATE 360 TB ADULT CS MU FHM 4PK,P11212588,BC 360RE_23 FHM 4PK 85MM US,18000,PC
168743,COLGATE 360 TB ADULT CS MU FHM 4PK,P11250973,STICKER 360RE_23 FHM 65X76 ROLL US,18000,PC
168743,COLGATE 360 TB ADULT CS MU FHM 4PK,P11260189,INNER 360RE_23 FHM 4PK 85MM US,3000,PC
168743,COLGATE 360 TB ADULT CS MU FHM 4PK,P11220292,PET ROLL 0.4 x 276mm S3,210.15,KG
168743,COLGATE 360 TB ADULT CS MU FHM 4PK,P11270073,OPP TAPE WITH LOGO-910m,0.79,ROL
168743,COLGATE 360 TB ADULT CS MU FHM 4PK,P11270120,Slip Sheet 40x48 0.8MM,10,PC
168743,COLGATE 360 TB ADULT CS MU FHM 4PK,P11270195,STRETCH WRAP FILM 12 MIC ROLL 500MM 14KG,2.8,KG
168768,COLG 360 WHTNG TB CS MU FHS 4PK,P11212592,BC 360OW_23 FHS 4PK 85MM US,18000,PC
168768,COLG 360 WHTNG TB CS MU FHS 4PK,P11242267,SHIPPER 360OW_23 FHS 4PK INNER 72 US,1000,PC
168768,COLG 360 WHTNG TB CS MU FHS 4PK,P11250977,STICKER 360OW_23 65X76 ROLL US,18000,PC
168768,COLG 360 WHTNG TB CS MU FHS 4PK,P11260192,INNER 360OW_23 FHS 4PK 85MM US,3000,PC
168768,COLG 360 WHTNG TB CS MU FHS 4PK,P11220292,PET ROLL 0.4 x 276mm S3,210.15,KG
168768,COLG 360 WHTNG TB CS MU FHS 4PK,P11270073,OPP TAPE WITH LOGO-910m,0.79,ROL
168768,COLG 360 WHTNG TB CS MU FHS 4PK,P11270120,Slip Sheet 40x48 0.8MM,10,PC
168768,COLG 360 WHTNG TB CS MU FHS 4PK,P11270195,STRETCH WRAP FILM 12 MIC ROLL 500MM 14KG,2.8,KG
1050347,CTBM Classic DClean FH M 2PK PHx144,P11212252,CC 21  FHM BCARD 2PK T2X6 144 PH,72000,PC
1050347,CTBM Classic DClean FH M 2PK PHx144,P11220294,25% PCR PET ROLL 0.35x280mm S6,367.56,KG
1050347,CTBM Classic DClean FH M 2PK PHx144,P11250821,CC 21  FHM STK 2PK 24X76 ROLL 144 PH,72000,PC
1050347,CTBM Classic DClean FH M 2PK PHx144,P11241867,PC 14 FHM SHIPPER 2PK T2X6 144 PH,1000,PC
1050347,CTBM Classic DClean FH M 2PK PHx144,P11230108,Plastic Tray 2x6-42mm,6000,PC
1050347,CTBM Classic DClean FH M 2PK PHx144,P11270079,SHRINK FILM-330mmx15mic-POF-0612,18.9,KG
1050347,CTBM Classic DClean FH M 2PK PHx144,P11270073,OPP TAPE WITH LOGO-910m,1.2,ROL
1050446,CTBM Premier Clean FH M 3PK+3CAPS PHx72,P11212269,PC 21  FHM BCARD 3PK+C T1X6 72 PH,24000,PC
1050446,CTBM Premier Clean FH M 3PK+3CAPS PHx72,P11220309,25% PCR PET ROLL 0.3x310 mm S4 25kg,174.4,KG
1050446,CTBM Premier Clean FH M 3PK+3CAPS PHx72,P11250828,PC 21  FHM STK 3PK+C 50X76MM ROLL  PH,24000,PC
1050446,CTBM Premier Clean FH M 3PK+3CAPS PHx72,P11230109,Plastic Tray 1x6 - 70 mm,4000,PC
1050446,CTBM Premier Clean FH M 3PK+3CAPS PHx72,P11270079,SHRINK FILM-330mmx15mic-POF-0612,12.6,KG
1050446,CTBM Premier Clean FH M 3PK+3CAPS PHx72,P11241832,PC 21 FHM SHIPPER 3PK+C T1X6 72 ASIA,1000,PC
1050446,CTBM Premier Clean FH M 3PK+3CAPS PHx72,P11270073,OPP TAPE WITH LOGO-910m,0.86,ROL
1050458,CTBM CLASSIC_CLEAN FH HDL B LATAM*300,P11270067,Plastic bag for naked brush/ handle,1000,PC
1050458,CTBM CLASSIC_CLEAN FH HDL B LATAM*300,P11241030,SHIPPER-PC14-Handle x300-LATAM,1000,PC
1050458,CTBM CLASSIC_CLEAN FH HDL B LATAM*300,P11270056,OPP TAPE 4.8cm WITH LOGO,9.89,ROL
1050458,CTBM CLASSIC_CLEAN FH HDL B LATAM*300,P11270120,Slip Sheet 40x48 0.8MM,7.94,PC
1050458,CTBM CLASSIC_CLEAN FH HDL B LATAM*300,P11270195,STRETCH WRAP FILM 12 MIC ROLL 500MM 14KG,2.53,KG
1050459,CTBM CLASSIC_CLEAN FH HDL G LATAM*300,P11270067,Plastic bag for naked brush/ handle,1000,PC
1050459,CTBM CLASSIC_CLEAN FH HDL G LATAM*300,P11241030,SHIPPER-PC14-Handle x300-LATAM,1000,PC
1050459,CTBM CLASSIC_CLEAN FH HDL G LATAM*300,P11270056,OPP TAPE 4.8cm WITH LOGO,9.9,ROL
1050459,CTBM CLASSIC_CLEAN FH HDL G LATAM*300,P11270120,Slip Sheet 40x48 0.8MM,7.94,PC
1050459,CTBM CLASSIC_CLEAN FH HDL G LATAM*300,P11270195,STRETCH WRAP FILM 12 MIC ROLL 500MM 14KG,2.53,KG
1050460,CTBM CLASSIC_CLEAN FH HDL R LATAM*300,P11270067,Plastic bag for naked brush/ handle,1000,PC
1050460,CTBM CLASSIC_CLEAN FH HDL R LATAM*300,P11241030,SHIPPER-PC14-Handle x300-LATAM,1000,PC
1050460,CTBM CLASSIC_CLEAN FH HDL R LATAM*300,P11270056,OPP TAPE 4.8cm WITH LOGO,9.9,ROL
1050460,CTBM CLASSIC_CLEAN FH HDL R LATAM*300,P11270120,Slip Sheet 40x48 0.8MM,7.94,PC
1050460,CTBM CLASSIC_CLEAN FH HDL R LATAM*300,P11270195,STRETCH WRAP FILM 12 MIC ROLL 500MM 14KG,2.53,KG
1050461,CTBM  CLASSIC_CLEAN FH HDL V LATAM*300,P11270067,Plastic bag for naked brush/ handle,1000,PC
1050461,CTBM  CLASSIC_CLEAN FH HDL V LATAM*300,P11241030,SHIPPER-PC14-Handle x300-LATAM,1000,PC
1050461,CTBM  CLASSIC_CLEAN FH HDL V LATAM*300,P11270056,OPP TAPE 4.8cm WITH LOGO,9.9,ROL
1050461,CTBM  CLASSIC_CLEAN FH HDL V LATAM*300,P11270120,Slip Sheet 40x48 0.8MM,7.94,PC
1050461,CTBM  CLASSIC_CLEAN FH HDL V LATAM*300,P11270195,STRETCH WRAP FILM 12 MIC ROLL 500MM 14KG,2.53,KG
1050468,CTBM PREMIER CLEAN FH S 1PK TW*72,P11230108,Plastic Tray 2x6-42mm,6000,PC
1050468,CTBM PREMIER CLEAN FH S 1PK TW*72,P11270079,SHRINK FILM-330mmx15mic-POF-0612,18.9,KG
1050468,CTBM PREMIER CLEAN FH S 1PK TW*72,P11250152,STICKER-BARCODE-P.CLEAN-S 1PK-ASIA,6000,PC
1050468,CTBM PREMIER CLEAN FH S 1PK TW*72,P11241818,PC 18 FHS SHIPPER 1PK T2X6(42) 72 ASIA,1000,PC
1050468,CTBM PREMIER CLEAN FH S 1PK TW*72,P11270073,OPP TAPE WITH LOGO-910m,1.132,ROL
1050468,CTBM PREMIER CLEAN FH S 1PK TW*72,P11212510,PC 21 FHS BC 1PK 42MM ASIA,72000,PC
1050468,CTBM PREMIER CLEAN FH S 1PK TW*72,P11220291,25% PCR PET ROLL 0.30x280mm S6,315.05,KG
1050507,CTBM ZZ_PLUS (TC) FH S +CAP ASIAx72,P11242452,SHIPPER ZZ 25 S 1PK+C T2X6 72 ASIA,1000,PC
1050507,CTBM ZZ_PLUS (TC) FH S +CAP ASIAx72,P11212833,BC ZZ 25 S 1PK 42MM + C + LB ASIA,72000,PC
1050507,CTBM ZZ_PLUS (TC) FH S +CAP ASIAx72,P11220291,25% PCR PET ROLL 0.30x280mm S6,315.05,KG
1050507,CTBM ZZ_PLUS (TC) FH S +CAP ASIAx72,P11250276,STICKER- BARCODE-ZZ cap -1P -Asia 72,6000,PC
1050507,CTBM ZZ_PLUS (TC) FH S +CAP ASIAx72,P11270073,OPP TAPE WITH LOGO-910m,1.4,ROL
1050507,CTBM ZZ_PLUS (TC) FH S +CAP ASIAx72,P11230108,Plastic Tray 2x6-42mm,6000,PC
1050507,CTBM ZZ_PLUS (TC) FH S +CAP ASIAx72,P11270079,SHRINK FILM-330mmx15mic-POF-0612,18.9,KG
1050507,CTBM ZZ_PLUS (TC) FH S +CAP ASIAx72,P11251085,STICKER ZZ 25 24X76 ROLL ASIA,72000,PC
1050528,CTBM ZIGZAG (TC) FH M 6PK SPC*288,P11212922,BC ZZ 25 M 6PK 120MM + LB SPC,48000,PC
1050528,CTBM ZIGZAG (TC) FH M 6PK SPC*288,P11220298,25% PCR PET ROLL 0.4x271 mm S2 25kg,813.13,KG
1050528,CTBM ZIGZAG (TC) FH M 6PK SPC*288,P11251121,STICKER ZZ 25 100X76 ROLL SPC,48000,PC
1050528,CTBM ZIGZAG (TC) FH M 6PK SPC*288,P11230080,Plastic Tray 1X6-120mm Uton,8000,PC
1050528,CTBM ZIGZAG (TC) FH M 6PK SPC*288,P11270005,SHRINK FILM-19UM @ 420MM-POF-PCS,46.4,KG
1050528,CTBM ZIGZAG (TC) FH M 6PK SPC*288,P11242600,SHIPPER ZZ 25 M 6PK T1x6 288 SPC,1000,PC
1050528,CTBM ZIGZAG (TC) FH M 6PK SPC*288,P11270073,OPP TAPE WITH LOGO-910m,1.5,ROL
1050528,CTBM ZIGZAG (TC) FH M 6PK SPC*288,P11250388,STICKER BARCODE-ZZP-6PK-M-50X80-SPC,8000,PC
1050533,CTBM ZIGZAG (TC) FH S 3PK SPC*288,P11212921,BC ZZ 25 S 3PK 70MM + LB SPC,96000,PC
1050533,CTBM ZIGZAG (TC) FH S 3PK SPC*288,P11251122,STICKER ZZ 25 50X76 ROLL SPC,96000,PC
1050533,CTBM ZIGZAG (TC) FH S 3PK SPC*288,P11250430,STICKER BARCODE-ZZP-3PK-S-50X60-SPC,16000,PC
1050533,CTBM ZIGZAG (TC) FH S 3PK SPC*288,P11230091,Plastic Tray 1x6 - 70 mm     Uton,16000,PC
1050533,CTBM ZIGZAG (TC) FH S 3PK SPC*288,P11242542,SHIPPER ZZ 25 S 3PK T1X6 288 SPC,1000,PC
1050533,CTBM ZIGZAG (TC) FH S 3PK SPC*288,P11220310,25% PCR PET ROLL 0.35x310 mm S4 25kg,813.88,KG
1050533,CTBM ZIGZAG (TC) FH S 3PK SPC*288,P11270073,OPP TAPE WITH LOGO-910m,1.4,ROL
1050533,CTBM ZIGZAG (TC) FH S 3PK SPC*288,P11270079,SHRINK FILM-330mmx15mic-POF-0612,50.4,KG
1050587,CTBM ZIGZAG (TC) FH S 6PK SPC*288,P11212920,BC ZZ 25 S 6PK 120MM + LB SPC,48000,PC
1050587,CTBM ZIGZAG (TC) FH S 6PK SPC*288,P11220298,25% PCR PET ROLL 0.4x271 mm S2 25kg,813.13,KG
1050587,CTBM ZIGZAG (TC) FH S 6PK SPC*288,P11251121,STICKER ZZ 25 100X76 ROLL SPC,48000,PC
1050587,CTBM ZIGZAG (TC) FH S 6PK SPC*288,P11230080,Plastic Tray 1X6-120mm Uton,8000,PC
1050587,CTBM ZIGZAG (TC) FH S 6PK SPC*288,P11270005,SHRINK FILM-19UM @ 420MM-POF-PCS,46.4,KG
1050587,CTBM ZIGZAG (TC) FH S 6PK SPC*288,P11242541,SHIPPER ZZ 25 S 6PK T1x6 288 SPC,1000,PC
1050587,CTBM ZIGZAG (TC) FH S 6PK SPC*288,P11270073,OPP TAPE WITH LOGO-910m,1.5,ROL
1050587,CTBM ZIGZAG (TC) FH S 6PK SPC*288,P11250387,STICKER BARCODE-ZZP-6PK-S-50X80-SPC,8000,PC
1051416,CTBM CLASSIC D.CLEAN FH S NKBR+C VN*288,P11260124,Liner-Naked brush with Cap- 289x163mm,17000,PC
1051416,CTBM CLASSIC D.CLEAN FH S NKBR+C VN*288,P11241156,SHIPPER--CLASSIC DC-S-NKBR+CAP-288-ASIA,1000,PC
1051416,CTBM CLASSIC D.CLEAN FH S NKBR+C VN*288,P11270073,OPP TAPE WITH LOGO-910m,0.92,ROL
1051510,CTBM ZZ_PLUS (TC) FH S 4PK+2CAP ASIA*96,P11220294,25% PCR PET ROLL 0.35x280mm S6,245.04,KG
1051510,CTBM ZZ_PLUS (TC) FH S 4PK+2CAP ASIA*96,P11212856,BC ZZ 25 S 4PK 85MM + LB HK,24000,PC
1051510,CTBM ZZ_PLUS (TC) FH S 4PK+2CAP ASIA*96,P11242474,SHIPPER ZZ 25 S 4PK T1x6 96 HK,1000,PC
1051510,CTBM ZZ_PLUS (TC) FH S 4PK+2CAP ASIA*96,P11251096,STICKER ZZ 25 65x76 ROLL HK,24000,PC
1051510,CTBM ZZ_PLUS (TC) FH S 4PK+2CAP ASIA*96,P11270079,SHRINK FILM-330mmx15mic-POF-0612,12.6,KG