Plan ID,Production Date,Physical Area,Material / SKU Code,Material Description,Machine,Shift,Original Output (CS),Current Output (CS),Source,Status
PLN_SYNC_1,5/19/2026,PKG,FVN50422,PC_22_M,HA0101,1,63360,63360,SYNC,ACTIVE
PLN_SYNC_2,5/19/2026,PKG,61016708,EC_22RPP_M,HA0601,1,49464,49464,SYNC,ACTIVE
PLN_SYNC_3,5/19/2026,PKG,61049730,GC_15_S,HA0601,1,43200,43200,SYNC,ACTIVE
PLN_SYNC_4,5/19/2026,PKG,61059202,EC_22RPP_M,HA0601,1,25920,25920,SYNC,ACTIVE
PLN_SYNC_5,5/19/2026,PKG,61020081,PC_22_M,HA0801,1,58800,58800,SYNC,ACTIVE
PLN_SYNC_6,5/19/2026,PKG,61044940,PRO_22CH_M,HA0901,1,28800,28800,SYNC,ACTIVE
PLN_SYNC_7,5/19/2026,PKG,61049248,TW_23_S,HA0901,1,56136,56136,SYNC,ACTIVE
PLN_SYNC_8,5/19/2026,PKG,61034579,CC_21_S,HA1001,1,53712,53712,SYNC,ACTIVE
PLN_SYNC_9,5/19/2026,PKG,61045427,SF_24RPP_M,HA1001,1,21312,21312,SYNC,ACTIVE
PLN_SYNC_10,5/19/2026,PKG,61009156,AC_17_M,HA1401,1,52704,52704,SYNC,ACTIVE
PLN_SYNC_11,5/19/2026,PKG,61036060,ECGC_24_S,HA1401,1,46080,46080,SYNC,ACTIVE
PLN_SYNC_12,5/19/2026,PKG,61020085,PC_22_M,HA1501,1,106704,106704,SYNC,ACTIVE
PLN_SYNC_13,5/19/2026,PKG,61036852,CC_21_M,HA1602,1,109872,109872,SYNC,ACTIVE
PLN_SYNC_14,5/19/2026,PKG,61053813,PC_22_M,HA1801,1,120000,120000,SYNC,ACTIVE
PLN_SYNC_15,5/19/2026,PKG,61055981,360RE_23NAB_M,KOCH P,1,39600,39600,SYNC,ACTIVE
PLN_SYNC_16,5/19/2026,PKG,61055987,360OW_23_S,KOCH P,1,24552,24552,SYNC,ACTIVE
PLN_SYNC_17,5/19/2026,PKG,VN00643A,GC_15_S,P1PR0001,1,23040,23040,SYNC,ACTIVE
PLN_SYNC_18,5/19/2026,PKG,1050458,CC_21,P1PR0004,1,75600,75600,SYNC,ACTIVE
PLN_SYNC_19,5/19/2026,PKG,155814,K2+_S,Flowrap 02,2,36936,36936,SYNC,ACTIVE
PLN_SYNC_20,5/19/2026,PKG,FVN50422,PC_22_M,HA0101,2,63936,63936,SYNC,ACTIVE
PLN_SYNC_21,5/19/2026,PKG,61049252,CC_21_M,HA0301,2,56448,56448,SYNC,ACTIVE
PLN_SYNC_22,5/19/2026,PKG,1050507,ZZ_25_S,HA0401,2,16200,16200,SYNC,ACTIVE
PLN_SYNC_23,5/19/2026,PKG,61030085,CP_09_S,HA0401,2,10368,10368,SYNC,ACTIVE
PLN_SYNC_24,5/19/2026,PKG,61040862,TW_23_S,HA0401,2,17280,17280,SYNC,ACTIVE
PLN_SYNC_25,5/19/2026,PKG,61040872,TWFH_25_M,HA0401,2,11004,11004,SYNC,ACTIVE
PLN_SYNC_26,5/19/2026,PKG,1050446,PC_22_M,HA0601,2,7200,7200,SYNC,ACTIVE
PLN_SYNC_27,5/19/2026,PKG,61018233,SFBK_25_S,HA0601,2,24840,24840,SYNC,ACTIVE
PLN_SYNC_28,5/19/2026,PKG,61030150,SF_24RPP_S,HA0601,2,43200,43200,SYNC,ACTIVE
PLN_SYNC_29,5/19/2026,PKG,61030644,TA_21_M,HA0601,2,17280,17280,SYNC,ACTIVE
PLN_SYNC_30,5/19/2026,PKG,61049730,GC_15_S,HA0601,2,14760,14760,SYNC,ACTIVE
PLN_SYNC_31,5/19/2026,PKG,61020081,PC_22_M,HA0801,2,50820,50820,SYNC,ACTIVE
PLN_SYNC_32,5/19/2026,PKG,61034581,PC_22_M,HA0901,2,68400,68400,SYNC,ACTIVE
PLN_SYNC_33,5/19/2026,PKG,61044940,PRO_22CH_M,HA0901,2,48000,48000,SYNC,ACTIVE
PLN_SYNC_34,5/19/2026,PKG,61010542,DACC_20_M,HA1001,2,75600,75600,SYNC,ACTIVE
PLN_SYNC_35,5/19/2026,PKG,61045427,SF_24RPP_M,HA1001,2,26208,26208,SYNC,ACTIVE
PLN_SYNC_36,5/19/2026,PKG,61049253,EC_22RPP_S,HA1001,2,5760,5760,SYNC,ACTIVE
PLN_SYNC_37,5/19/2026,PKG,1050528,ZZ_25_M,HA1101,2,69120,69120,SYNC,ACTIVE
PLN_SYNC_38,5/19/2026,PKG,1050587,ZZ_25_S,HA1101,2,49824,49824,SYNC,ACTIVE
PLN_SYNC_39,5/19/2026,PKG,61030119,PC_22_M,HA1201,2,82704,82704,SYNC,ACTIVE
PLN_SYNC_40,5/19/2026,PKG,61020085,PC_22_M,HA1501,2,106560,106560,SYNC,ACTIVE
PLN_SYNC_41,5/19/2026,PKG,61036852,CC_21_M,HA1602,2,109728,109728,SYNC,ACTIVE
PLN_SYNC_42,5/19/2026,PKG,61040908,TWGC_25_S,HA1701,2,48960,48960,SYNC,ACTIVE
PLN_SYNC_43,5/19/2026,PKG,61046408,K5+_TANDY_S,HA1701,2,16416,16416,SYNC,ACTIVE
PLN_SYNC_44,5/19/2026,PKG,61046409,SF_24RPP_S,HA1701,2,12000,12000,SYNC,ACTIVE
PLN_SYNC_45,5/19/2026,PKG,61046922,ZZ_25_S,HA1701,2,16320,16320,SYNC,ACTIVE
PLN_SYNC_46,5/19/2026,PKG,VN00643A,GC_15_S,P1PR0001,2,23040,23040,SYNC,ACTIVE
PLN_SYNC_47,5/19/2026,PKG,61037839,PC_22,P1PR0004,2,37800,37800,SYNC,ACTIVE
PLN_SYNC_48,5/19/2026,SE,32138,CC_21_M TIM +CAP,Cap 2,1,26000,26000,SYNC,ACTIVE
PLN_SYNC_49,5/19/2026,SE,32137,CC_21_M DO +CAP,Cap 2,1,0,0,SYNC,ACTIVE
PLN_SYNC_50,5/19/2026,SE,32136,CC_21_M LA +CAP,Cap 2,1,0,0,SYNC,ACTIVE
PLN_SYNC_51,5/19/2026,SE,32580,CAP - SF_24RPP_S_Duong,Cap 3,1,0,0,SYNC,ACTIVE
PLN_SYNC_52,5/19/2026,SE,32136,CC_21_M LA +CAP,Cap 3,1,26000,26000,SYNC,ACTIVE
PLN_SYNC_53,5/19/2026,SE,31377,CCDC_S Trang,Cap 3,1,0,0,SYNC,ACTIVE
PLN_SYNC_54,5/19/2026,SE,32137,CC_21_M DO +CAP,Cap 4,1,0,0,SYNC,ACTIVE
PLN_SYNC_55,5/19/2026,SE,32136,CC_21_M LA +CAP,Cap 4,1,0,0,SYNC,ACTIVE
PLN_SYNC_56,5/19/2026,SE,32135,CC_21_MDUONG +CAP,Cap 4,1,26000,26000,SYNC,ACTIVE
PLN_SYNC_57,5/19/2026,SE,32400,TW_23_M_Dương,Promotion 5 Cap,1,5000,5000,SYNC,ACTIVE
PLN_SYNC_58,5/19/2026,SE,32401,TW_23_M_Lá,Promotion 5 Cap,1,5000,5000,SYNC,ACTIVE
PLN_SYNC_59,5/19/2026,SE,32402,TW_23_M_Hồng,Promotion 5 Cap,1,5000,5000,SYNC,ACTIVE
PLN_SYNC_60,5/19/2026,SE,32403,TW_23_M_Cam,Promotion 5 Cap,1,5000,5000,SYNC,ACTIVE
PLN_SYNC_61,5/19/2026,SE,32583,CAP - SF_24RPP_M_Dương,Promotion 5 Cap,1,10000,10000,SYNC,ACTIVE
PLN_SYNC_62,5/19/2026,SE,32580,CAP - SF_24RPP_S_Duong,Promotion 5 Cap,1,0,0,SYNC,ACTIVE
PLN_SYNC_63,5/19/2026,SE,32581,CAP - SF_24RPP_S_Lá,Promotion 5 Cap,1,10000,10000,SYNC,ACTIVE
PLN_SYNC_64,5/19/2026,SE,32582,CAP - SF_24RPP_S_Tím,Promotion 5 Cap,1,10000,10000,SYNC,ACTIVE
PLN_SYNC_65,5/19/2026,SE,32641,ZZ RL 25 FH_S BL +CAP20,Promotion 5 Cap,1,0,0,SYNC,ACTIVE
PLN_SYNC_66,5/19/2026,SE,32652,ZZ RL 25 FH_S GN +CAP20,Promotion 5 Cap,1,0,0,SYNC,ACTIVE
PLN_SYNC_67,5/19/2026,SE,32651,ZZ RL 25 FH_S RD +CAP20,Promotion 5 Cap,1,0,0,SYNC,ACTIVE
PLN_SYNC_68,5/19/2026,SE,32790,ZZRL_25_S_Violet TB+CAP20,Promotion 5 Cap,1,0,0,SYNC,ACTIVE
PLN_SYNC_69,5/19/2026,SE,32383,PC_22_M TIM +CAP,Promotion 5 Cap,1,0,0,SYNC,ACTIVE
PLN_SYNC_70,5/19/2026,SE,32382,PC_22_M HONG +CAP,Promotion 5 Cap,1,0,0,SYNC,ACTIVE
PLN_SYNC_71,5/19/2026,SE,32381,PC_22_M LA +CAP,Promotion 5 Cap,1,0,0,SYNC,ACTIVE
PLN_SYNC_72,5/19/2026,SE,32380,PC_22_M DUONG +CAP,Promotion 5 Cap,1,0,0,SYNC,ACTIVE
PLN_SYNC_73,5/19/2026,SE,32138,CC_21_M TIM +CAP,Promotion 5 Cap,1,0,0,SYNC,ACTIVE
PLN_SYNC_74,5/19/2026,SE,32137,CC_21_M DO +CAP,Promotion 5 Cap,1,21000,21000,SYNC,ACTIVE
PLN_SYNC_75,5/19/2026,SE,32136,CC_21_M LA +CAP,Promotion 5 Cap,1,0,0,SYNC,ACTIVE
PLN_SYNC_76,5/19/2026,SE,32135,CC_21_MDUONG +CAP,Promotion 5 Cap,1,0,0,SYNC,ACTIVE
PLN_SYNC_77,5/19/2026,SE,31377,CCDC_S Trang,Promotion 5 Cap,1,0,0,SYNC,ACTIVE
PLN_SYNC_78,5/19/2026,SE,32138,CC_21_M TIM +CAP,Cap 2,2,20000,20000,SYNC,ACTIVE
PLN_SYNC_79,5/19/2026,SE,32137,CC_21_M DO +CAP,Cap 2,2,0,0,SYNC,ACTIVE
PLN_SYNC_80,5/19/2026,SE,32136,CC_21_M LA +CAP,Cap 2,2,14000,14000,SYNC,ACTIVE
PLN_SYNC_81,5/19/2026,SE,32580,CAP - SF_24RPP_S_Duong,Cap 3,2,34000,34000,SYNC,ACTIVE
PLN_SYNC_82,5/19/2026,SE,32136,CC_21_M LA +CAP,Cap 3,2,0,0,SYNC,ACTIVE
PLN_SYNC_83,5/19/2026,SE,31377,CCDC_S Trang,Cap 3,2,0,0,SYNC,ACTIVE
PLN_SYNC_84,5/19/2026,SE,32137,CC_21_M DO +CAP,Cap 4,2,24000,24000,SYNC,ACTIVE
PLN_SYNC_85,5/19/2026,SE,32136,CC_21_M LA +CAP,Cap 4,2,0,0,SYNC,ACTIVE
PLN_SYNC_86,5/19/2026,SE,32135,CC_21_MDUONG +CAP,Cap 4,2,10000,10000,SYNC,ACTIVE
PLN_SYNC_87,5/19/2026,SE,32400,TW_23_M_Dương,Promotion 5 Cap,2,0,0,SYNC,ACTIVE
PLN_SYNC_88,5/19/2026,SE,32401,TW_23_M_Lá,Promotion 5 Cap,2,0,0,SYNC,ACTIVE
PLN_SYNC_89,5/19/2026,SE,32402,TW_23_M_Hồng,Promotion 5 Cap,2,0,0,SYNC,ACTIVE
PLN_SYNC_90,5/19/2026,SE,32403,TW_23_M_Cam,Promotion 5 Cap,2,0,0,SYNC,ACTIVE
PLN_SYNC_91,5/19/2026,SE,32583,CAP - SF_24RPP_M_Dương,Promotion 5 Cap,2,0,0,SYNC,ACTIVE
PLN_SYNC_92,5/19/2026,SE,32580,CAP - SF_24RPP_S_Duong,Promotion 5 Cap,2,6000,6000,SYNC,ACTIVE
PLN_SYNC_93,5/19/2026,SE,32581,CAP - SF_24RPP_S_Lá,Promotion 5 Cap,2,5000,5000,SYNC,ACTIVE
PLN_SYNC_94,5/19/2026,SE,32582,CAP - SF_24RPP_S_Tím,Promotion 5 Cap,2,10000,10000,SYNC,ACTIVE
PLN_SYNC_95,5/19/2026,SE,32641,ZZ RL 25 FH_S BL +CAP20,Promotion 5 Cap,2,0,0,SYNC,ACTIVE
PLN_SYNC_96,5/19/2026,SE,32652,ZZ RL 25 FH_S GN +CAP20,Promotion 5 Cap,2,0,0,SYNC,ACTIVE
PLN_SYNC_97,5/19/2026,SE,32651,ZZ RL 25 FH_S RD +CAP20,Promotion 5 Cap,2,0,0,SYNC,ACTIVE
PLN_SYNC_98,5/19/2026,SE,32790,ZZRL_25_S_Violet TB+CAP20,Promotion 5 Cap,2,0,0,SYNC,ACTIVE
PLN_SYNC_99,5/19/2026,SE,32383,PC_22_M TIM +CAP,Promotion 5 Cap,2,8000,8000,SYNC,ACTIVE
PLN_SYNC_100,5/19/2026,SE,32382,PC_22_M HONG +CAP,Promotion 5 Cap,2,8000,8000,SYNC,ACTIVE
PLN_SYNC_101,5/19/2026,SE,32381,PC_22_M LA +CAP,Promotion 5 Cap,2,8000,8000,SYNC,ACTIVE
PLN_SYNC_102,5/19/2026,SE,32380,PC_22_M DUONG +CAP,Promotion 5 Cap,2,8000,8000,SYNC,ACTIVE
PLN_SYNC_103,5/19/2026,SE,32138,CC_21_M TIM +CAP,Promotion 5 Cap,2,8000,8000,SYNC,ACTIVE
PLN_SYNC_104,5/19/2026,SE,32137,CC_21_M DO +CAP,Promotion 5 Cap,2,0,0,SYNC,ACTIVE
PLN_SYNC_105,5/19/2026,SE,32136,CC_21_M LA +CAP,Promotion 5 Cap,2,5000,5000,SYNC,ACTIVE
PLN_SYNC_106,5/19/2026,SE,32135,CC_21_MDUONG +CAP,Promotion 5 Cap,2,5000,5000,SYNC,ACTIVE
PLN_SYNC_107,5/19/2026,SE,31377,CCDC_S Trang,Promotion 5 Cap,2,0,0,SYNC,ACTIVE
PLN_SYNC_108,5/19/2026,PKG,155814,K2+_S,Flowrap 02,3,11304,11304,SYNC,ACTIVE
PLN_SYNC_109,5/19/2026,PKG,61034595,CP_09_S,Flowrap 02,3,21600,21600,SYNC,ACTIVE
PLN_SYNC_110,5/19/2026,PKG,FVN50422,PC_22_M,HA0101,3,61272,61272,SYNC,ACTIVE
PLN_SYNC_111,5/19/2026,PKG,61049252,CC_21_M,HA0301,3,52056,52056,SYNC,ACTIVE
PLN_SYNC_112,5/19/2026,PKG,61040872,TWFH_25_M,HA0401,3,53208,53208,SYNC,ACTIVE
PLN_SYNC_113,5/19/2026,PKG,FVN00156,EC_22RPP_M,HA0501,3,38400,38400,SYNC,ACTIVE
PLN_SYNC_114,5/19/2026,PKG,FVN52149,EC_22RPP_M,HA0501,3,20880,20880,SYNC,ACTIVE
PLN_SYNC_115,5/19/2026,PKG,61014073,ZZGC_25_S,HA0601,3,33120,33120,SYNC,ACTIVE
PLN_SYNC_116,5/19/2026,PKG,61034593,CC_21_S,HA0601,3,73152,73152,SYNC,ACTIVE
PLN_SYNC_117,5/19/2026,PKG,61020081,PC_22_M,HA0801,3,49056,49056,SYNC,ACTIVE
PLN_SYNC_118,5/19/2026,PKG,61034581,PC_22_M,HA0901,3,118368,118368,SYNC,ACTIVE
PLN_SYNC_119,5/19/2026,PKG,61049253,EC_22RPP_S,HA1001,3,56880,56880,SYNC,ACTIVE
PLN_SYNC_120,5/19/2026,PKG,61055618,PC_22_M,HA1201,3,79200,79200,SYNC,ACTIVE
PLN_SYNC_121,5/19/2026,PKG,61009157,DA_22_M,HA1401,3,92304,92304,SYNC,ACTIVE
PLN_SYNC_122,5/19/2026,PKG,61020085,PC_22_M,HA1501,3,102960,102960,SYNC,ACTIVE
PLN_SYNC_123,5/19/2026,PKG,61036852,CC_21_M,HA1602,3,106128,106128,SYNC,ACTIVE
PLN_SYNC_124,5/19/2026,PKG,61046409,SF_24RPP_S,HA1701,3,91680,91680,SYNC,ACTIVE
PLN_SYNC_125,5/19/2026,PKG,1050459,CC_21,P1PR0004,3,75600,75600,SYNC,ACTIVE
PLN_SYNC_126,5/19/2026,PKG,1050461,CC_21,P1PR0004,3,37800,37800,SYNC,ACTIVE
PLN_SYNC_127,5/19/2026,PKG,61037839,PC_22,P1PR0004,3,37800,37800,SYNC,ACTIVE
PLN_SYNC_128,5/20/2026,PKG,61034595,CP_09_S,Flowrap 02,1,35568,35568,SYNC,ACTIVE
PLN_SYNC_129,5/20/2026,PKG,FVN50422,PC_22_M,HA0101,1,63360,63360,SYNC,ACTIVE
PLN_SYNC_130,5/20/2026,PKG,61049252,CC_21_M,HA0301,1,56520,56520,SYNC,ACTIVE
PLN_SYNC_131,5/20/2026,PKG,61040872,TWFH_25_M,HA0401,1,7020,7020,SYNC,ACTIVE
PLN_SYNC_132,5/20/2026,PKG,61041208,TW_23_M,HA0401,1,30672,30672,SYNC,ACTIVE
PLN_SYNC_133,5/20/2026,PKG,VN00965A,TWGC_25_S,HA0401,1,17280,17280,SYNC,ACTIVE
PLN_SYNC_134,5/20/2026,PKG,1050446,PC_22_M,HA0601,1,33120,33120,SYNC,ACTIVE
PLN_SYNC_135,5/20/2026,PKG,61016710,TW_23_M,HA0601,1,16560,16560,SYNC,ACTIVE
PLN_SYNC_136,5/20/2026,PKG,61057212,ZZ_25_M,HA0601,1,17280,17280,SYNC,ACTIVE
PLN_SYNC_137,5/20/2026,PKG,VN00964A,TWGC_25_S,HA0601,1,21600,21600,SYNC,ACTIVE
PLN_SYNC_138,5/20/2026,PKG,61020081,PC_22_M,HA0801,1,80724,80724,SYNC,ACTIVE
PLN_SYNC_139,5/20/2026,PKG,61034581,PC_22_M,HA0901,1,122472,122472,SYNC,ACTIVE
PLN_SYNC_140,5/20/2026,PKG,61049253,EC_22RPP_S,HA1001,1,59760,59760,SYNC,ACTIVE
PLN_SYNC_141,5/20/2026,PKG,61055618,PC_22_M,HA1201,1,81936,81936,SYNC,ACTIVE
PLN_SYNC_142,5/20/2026,PKG,61009157,DA_22_M,HA1401,1,74880,74880,SYNC,ACTIVE
PLN_SYNC_143,5/20/2026,PKG,61020085,PC_22_M,HA1501,1,77760,77760,SYNC,ACTIVE
PLN_SYNC_144,5/20/2026,PKG,61036852,CC_21_M,HA1602,1,109872,109872,SYNC,ACTIVE
PLN_SYNC_145,5/20/2026,PKG,61046409,SF_24RPP_S,HA1701,1,74400,74400,SYNC,ACTIVE
PLN_SYNC_146,5/20/2026,PKG,61055978,360RE_23NAB_S,KOCH P,1,15840,15840,SYNC,ACTIVE
PLN_SYNC_147,5/20/2026,PKG,1050458,CC_21,P1PR0004,1,37800,37800,SYNC,ACTIVE
PLN_SYNC_148,5/20/2026,PKG,61037839,PC_22,P1PR0004,1,37800,37800,SYNC,ACTIVE
PLN_SYNC_149,5/20/2026,PKG,61034595,CP_09_S,Flowrap 02,2,35424,35424,SYNC,ACTIVE
PLN_SYNC_150,5/20/2026,PKG,FVN50422,PC_22_M,HA0101,2,63432,63432,SYNC,ACTIVE
PLN_SYNC_151,5/20/2026,PKG,61049252,CC_21_M,HA0301,2,56520,56520,SYNC,ACTIVE
PLN_SYNC_152,5/20/2026,PKG,61035804,TW_23_M,HA0601,2,16128,16128,SYNC,ACTIVE
PLN_SYNC_153,5/20/2026,PKG,VN00154A,TW_23_M,HA0601,2,40320,40320,SYNC,ACTIVE
PLN_SYNC_154,5/20/2026,PKG,VN00606A,EC_22RPP_M,HA0601,2,36000,36000,SYNC,ACTIVE
PLN_SYNC_155,5/20/2026,PKG,VN00964A,TWGC_25_S,HA0601,2,11520,11520,SYNC,ACTIVE
PLN_SYNC_156,5/20/2026,PKG,61020081,PC_22_M,HA0801,2,57288,57288,SYNC,ACTIVE
PLN_SYNC_157,5/20/2026,PKG,61034581,PC_22_M,HA0901,2,122544,122544,SYNC,ACTIVE
PLN_SYNC_158,5/20/2026,PKG,61038435,EC_22RPP_S,HA1001,2,14364,14364,SYNC,ACTIVE
PLN_SYNC_159,5/20/2026,PKG,61049253,EC_22RPP_S,HA1001,2,46296,46296,SYNC,ACTIVE
PLN_SYNC_160,5/20/2026,PKG,61055618,PC_22_M,HA1201,2,82224,82224,SYNC,ACTIVE
PLN_SYNC_161,5/20/2026,PKG,61040859,TWFH_25_M,HA1301,2,13608,13608,SYNC,ACTIVE
PLN_SYNC_162,5/20/2026,PKG,61060421,TWFH_25_M,HA1301,2,48000,48000,SYNC,ACTIVE
PLN_SYNC_163,5/20/2026,PKG,FVN52198,EC_22RPP_M,HA1301,2,27648,27648,SYNC,ACTIVE
PLN_SYNC_164,5/20/2026,PKG,61009157,DA_22_M,HA1401,2,74448,74448,SYNC,ACTIVE
PLN_SYNC_165,5/20/2026,PKG,61036852,CC_21_M,HA1602,2,109728,109728,SYNC,ACTIVE
PLN_SYNC_166,5/20/2026,PKG,61046409,SF_24RPP_S,HA1701,2,82032,82032,SYNC,ACTIVE
PLN_SYNC_167,5/20/2026,PKG,61053815,EC_22RPP_M,HA1701,2,18000,18000,SYNC,ACTIVE
PLN_SYNC_168,5/20/2026,PKG,1051970,TW_23_M,HA1801,2,17184,17184,SYNC,ACTIVE
PLN_SYNC_169,5/20/2026,PKG,1051972,TWFH_25_S,HA1801,2,14400,14400,SYNC,ACTIVE
PLN_SYNC_170,5/20/2026,PKG,61034564,ZZ_25_S,HA1801,2,25200,25200,SYNC,ACTIVE
PLN_SYNC_171,5/20/2026,PKG,1051416,CCDC_11_S,P1PR0001,2,34560,34560,SYNC,ACTIVE
PLN_SYNC_172,5/20/2026,PKG,VN00643A,GC_15_S,P1PR0001,2,23040,23040,SYNC,ACTIVE
PLN_SYNC_173,5/20/2026,PKG,1050458,CC_21,P1PR0004,2,37800,37800,SYNC,ACTIVE
PLN_SYNC_174,5/20/2026,PKG,1050459,CC_21,P1PR0004,2,75600,75600,SYNC,ACTIVE
PLN_SYNC_175,5/19/2026,SE,32138,CC_21_M TIM +CAP,Cap 2,3,24000,24000,SYNC,ACTIVE
PLN_SYNC_176,5/19/2026,SE,32137,CC_21_M DO +CAP,Cap 2,3,10000,10000,SYNC,ACTIVE
PLN_SYNC_177,5/19/2026,SE,32580,CAP - SF_24RPP_S_Duong,Cap 3,3,34000,34000,SYNC,ACTIVE
PLN_SYNC_178,5/19/2026,SE,32138,CC_21_M TIM +CAP,Cap 4,3,0,0,SYNC,ACTIVE
PLN_SYNC_179,5/19/2026,SE,32135,CC_21_MDUONG +CAP,Cap 4,3,34000,34000,SYNC,ACTIVE
PLN_SYNC_180,5/19/2026,SE,32400,TW_23_M_Dương,Promotion 5 Cap,3,5000,5000,SYNC,ACTIVE
PLN_SYNC_181,5/19/2026,SE,32401,TW_23_M_Lá,Promotion 5 Cap,3,10000,10000,SYNC,ACTIVE
PLN_SYNC_182,5/19/2026,SE,32402,TW_23_M_Hồng,Promotion 5 Cap,3,10000,10000,SYNC,ACTIVE
PLN_SYNC_183,5/19/2026,SE,32403,TW_23_M_Cam,Promotion 5 Cap,3,10000,10000,SYNC,ACTIVE
PLN_SYNC_184,5/19/2026,SE,32581,CAP - SF_24RPP_S_Lá,Promotion 5 Cap,3,15000,15000,SYNC,ACTIVE
PLN_SYNC_185,5/19/2026,SE,32582,CAP - SF_24RPP_S_Tím,Promotion 5 Cap,3,10000,10000,SYNC,ACTIVE
PLN_SYNC_186,5/19/2026,SE,32320,EC_22_RPP_M Dương + CAP,Promotion 5 Cap,3,0,0,SYNC,ACTIVE
PLN_SYNC_187,5/19/2026,SE,32323,EC_22_RPP_M Đỏ + CAP,Promotion 5 Cap,3,0,0,SYNC,ACTIVE
PLN_SYNC_188,5/19/2026,SE,32322,EC_22_RPP_M Tím + CAP,Promotion 5 Cap,3,0,0,SYNC,ACTIVE
PLN_SYNC_189,5/19/2026,SE,32321,EC_22_RPP_M Lá + CAP,Promotion 5 Cap,3,0,0,SYNC,ACTIVE
PLN_SYNC_190,5/19/2026,SE,32136,CC_21_M LA +CAP,Promotion 5 Cap,3,0,0,SYNC,ACTIVE
PLN_SYNC_191,5/19/2026,SE,31377,CCDC_S Trang,Promotion 5 Cap,3,30000,30000,SYNC,ACTIVE
PLN_SYNC_192,5/19/2026,SE,32137,CC_21_M DO +CAP,P1PR0001,3,0,0,SYNC,ACTIVE
PLN_SYNC_193,5/19/2026,SE,32136,CC_21_M LA +CAP,P1PR0001,3,0,0,SYNC,ACTIVE
PLN_SYNC_194,5/20/2026,SE,32138,CC_21_M TIM +CAP,Cap 2,1,34000,34000,SYNC,ACTIVE
PLN_SYNC_195,5/20/2026,SE,32137,CC_21_M DO +CAP,Cap 2,1,0,0,SYNC,ACTIVE
PLN_SYNC_196,5/20/2026,SE,32580,CAP - SF_24RPP_S_Duong,Cap 3,1,34000,34000,SYNC,ACTIVE
PLN_SYNC_197,5/20/2026,SE,32138,CC_21_M TIM +CAP,Cap 4,1,0,0,SYNC,ACTIVE
PLN_SYNC_198,5/20/2026,SE,32135,CC_21_MDUONG +CAP,Cap 4,1,34000,34000,SYNC,ACTIVE
PLN_SYNC_199,5/20/2026,SE,32400,TW_23_M_Dương,Promotion 5 Cap,1,0,0,SYNC,ACTIVE