Size Type IM,,Name System,,,Size Type TE,,Name System,,,Status,Area,SKU từ BOM,Check mã C từ BOM - còn chạy,Case When Tableau,,Status,Area,Size Type,,Khu Vực,Material,Size Type,,,,Material / SKU Code,SIZE TYPE,PrimaryConvFactor,Status
Material / SKU Code,Size Type,Name SAP,Name Tableau,,Material / SKU Code,Size Type,Name SAP,Name Tableau,,Status,Khu Vực,Material,Material Description,WHEN 'Material / SKU Code' THEN 'Size Type',,Status,Khu Vực,#N/A,,#N/A,,,,,WHEN 'DUMMY' THEN 'Dummy_MyPhuoc_Size',DUMMY,Dummy_MyPhuoc_Size,0,
C0000000007,SKE_PRE_CL_Size,PRE_CL,PRE_CL,,C0000000173,TE_PK_Size,CP_09_S,PK,,C3,IM,C0000000163,Pokey FH White Handle Spec,WHEN 'C0000000007' THEN 'SKE_PRE_CL_Size',,C3,IM,#N/A,,,,,,,WHEN '61046532' THEN 'HA_S1_8PK_320_Size',61046532,HA_S1_8PK_320_Size,320,C5
C0000000109,SKE_VK_PD_Size,VK_PD,VK_PD,,C0000000910,TE_ZZ GC 09_Size,ZZGC_09,ZZ GC 09,,C3,TE,C0000000173,Pokey FHS White TB,WHEN 'C0000000109' THEN 'SKE_VK_PD_Size',,C3,IM,#N/A,,,,,,,WHEN '61046533' THEN 'HA_S1_8PK_320_Size',61046533,HA_S1_8PK_320_Size,320,C5
C0000000110,SKE_VK_CAR_Size,VK_CAR,VK_CAR,,C0000000911,TE_ZZ GC 09_Size,ZZGC_09,ZZ GC 09,,C3,IM,C0000002125,Classic Deep Clean11 FH White Handle,WHEN 'C0000000110' THEN 'SKE_VK_CAR_Size',,C3,IM,#N/A,,,,,,,WHEN '32630' THEN 'HA_S1_8PK_8_Size',32630,HA_S1_8PK_8_Size,8,C3
C0000000111,SKE_VK_PC_Size,VK_PC,VK_PC,,C0000000912,TE_ZZ GC 09_Size,ZZGC_09,ZZ GC 09,,C3,TE,C0000002130,Classic Deep Clean 11 FHS White TB,WHEN 'C0000000111' THEN 'SKE_VK_PC_Size',,C3,IM,#N/A,,,,,,,WHEN '32631' THEN 'HA_S1_8PK_8_Size',32631,HA_S1_8PK_8_Size,8,C3
C0000000114,SKE_DBA_Size,DBA,DBA,,C0000000913,TE_ZZ GC 09_Size,ZZGC_09,ZZ GC 09,,C3,TE,C0000002485,Value Age 2+ 12 YHX Red TB,WHEN 'C0000000114' THEN 'SKE_DBA_Size',,C3,IM,#N/A,,,,,,,WHEN '61030106' THEN 'HA_S2_5P_60_C_Size',61030106,HA_S2_5P_60_C_Size,60,C3
C0000000115,SKE_TF_Size,TF,TF,,C0000000933,TE_TPA_09_Size,TA_09_S,TPA_09,,C3,TE,C0000002486,Value Age 2+ 12 YHX Blue TB,WHEN 'C0000000115' THEN 'SKE_TF_Size',,C3,IM,#N/A,,,,,,,WHEN '61041206' THEN 'HA_S2_5P_CAP insert_Size',61041206,HA_S2_5P_CAP insert_Size,120,C3
C0000000116,SKE_TF_Size,TF,TF,,C0000000934,TE_TPA_09_Size,TA_09_M,TPA_09,,C3,TE,C0000002487,Value Age 2+ 12 YHX Green TB,WHEN 'C0000000116' THEN 'SKE_TF_Size',,C3,IM,#N/A,,,,,,,WHEN 'VN00966A' THEN 'HA_S2_P4+C23_Size',VN00966A,HA_S2_P4+C23_Size,96,C5
C0000000117,SKE_TF_Size,TF,TF,,C0000001016,TE_TPA_09_Size,TA_09_M,TPA_09,,C3,IM,C0000002676,Mid-Tier Age 5+ YHX Blue Handle,WHEN 'C0000000117' THEN 'SKE_TF_Size',,C3,IM,#N/A,,,,,,,WHEN '1051928' THEN 'HA_S2_P4+C_Size',1051928,HA_S2_P4+C_Size,96,C5
C0000000118,SKE_TF_Size,TF,TF,,C0000001017,TE_TPA_09_Size,TA_09_M,TPA_09,,C3,IM,C0000002677,Mid-Tier Age 5+ YHX Green Handle,WHEN 'C0000000118' THEN 'SKE_TF_Size',,C3,IM,#N/A,,,,,,,WHEN '1051929' THEN 'HA_S2_P4+C_Size',1051929,HA_S2_P4+C_Size,96,C5
C0000000132,SKE_DBA_Size,DBA,DBA,,C0000001018,TE_TPA_09_Size,TA_09_M,TPA_09,,C3,IM,C0000002678,Mid-Tier Age 5+ YHX Purple Handle,WHEN 'C0000000132' THEN 'SKE_DBA_Size',,C3,IM,#N/A,,,,,,,WHEN '61009151' THEN 'HA_S2_P5_120_Size',61009151,HA_S2_P5_120_Size,120,C3
C0000000133,SKE_DBA_Size,DBA,DBA,,C0000001019,TE_TPA_09_Size,TA_09_S,TPA_09,,C3,IM,C0000002941,Value Age 2+ YH Red Handle,WHEN 'C0000000133' THEN 'SKE_DBA_Size',,C3,IM,#N/A,,,,,,,WHEN 'VN00608A' THEN 'HA_S2_P5_120_Size',VN00608A,HA_S2_P5_120_Size,120,C3
C0000000134,SKE_DBA_Size,DBA,DBA,,C0000001020,TE_TPA_09_Size,TA_09_S,TPA_09,,C3,IM,C0000002942,Value Age 2+ YH Blue Handle,WHEN 'C0000000134' THEN 'SKE_DBA_Size',,C3,IM,#N/A,,,,,,,WHEN '61003273' THEN 'HA_S2_P5_120_Size',61003273,HA_S2_P5_120_Size,120,C5
C0000000143,HDL_DBA_Size,DBA,DBA,,C0000001021,TE_TPA_09_Size,TA_09_S,TPA_09,,C3,IM,C0000002943,Value Age 2+ YH Green Handle,WHEN 'C0000000143' THEN 'HDL_DBA_Size',,#N/A,SKE,#N/A,,,,,,,WHEN '61049731' THEN 'HA_S2_P5_120_Size',61049731,HA_S2_P5_120_Size,120,C3
C0000000144,HDL_DBA_Size,DBA,DBA,,C0000001377,TE_PK_Size,CP_09_S,PK,,C3,IM,C0000002944,Value Age 2+ 12 YH Pink Handle,WHEN 'C0000000144' THEN 'HDL_DBA_Size',,C3,IM,#N/A,,,,,,,WHEN '61049256' THEN 'HA_S2_P5_120_Size',61049256,HA_S2_P5_120_Size,120,C3
C0000000145,HDL_DBA_Size,DBA,DBA,,C0000001378,TE_PK_Size,CP_09_S,PK,,C3,TE,C0000003540,Value Age 2+ 12 YHX Pink TB,WHEN 'C0000000145' THEN 'HDL_DBA_Size',,C3,IM,#N/A,,,,,,,WHEN '61032370' THEN 'HA_S2_P5_120_Size',61032370,HA_S2_P5_120_Size,120,C3
C0000000146,HDL_TF_Size,TF,TF,,C0000002130,TE_CC_11_WH_Size,CCDC_11_S,CC_11_WH,,C3,IM,C0000004841,Anti Cavity 07 FH Blue Handle,WHEN 'C0000000146' THEN 'HDL_TF_Size',,C3,IM,#N/A,,,,,,,WHEN '61046381' THEN 'HA_S2_P5_120_Size',61046381,HA_S2_P5_120_Size,120,C3
C0000000147,HDL_TF_Size,TF,TF,,C0000002485,TE_Kid 2+_Size,K2+_S,Kid 2+,,C3,IM,C0000004842,Anti Cavity 07 FH Green Handle,WHEN 'C0000000147' THEN 'HDL_TF_Size',,C3,IM,#N/A,,,,,,,WHEN '61046397' THEN 'HA_S2_P5_120_Size',61046397,HA_S2_P5_120_Size,120,C3
C0000000148,HDL_TF_Size,TF,TF,,C0000002486,TE_Kid 2+_Size,K2+_S,Kid 2+,,C3,IM,C0000004843,Anti Cavity 07 FH Red Handle,WHEN 'C0000000148' THEN 'HDL_TF_Size',,C3,IM,#N/A,,,,,,,WHEN '61018853' THEN 'HA_S2_P5_120_Size',61018853,HA_S2_P5_120_Size,120,C5
C0000000149,HDL_TF_Size,TF,TF,,C0000002487,TE_Kid 2+_Size,K2+_S,Kid 2+,,C3,TE,C0000004862,Anti Cavity 07 FH Blue TB,WHEN 'C0000000149' THEN 'HDL_TF_Size',,C3,IM,#N/A,,,,,,,WHEN 'VN01266A' THEN 'HA_S2_P5_120_Size',VN01266A,HA_S2_P5_120_Size,120,C5
C0000000150,HDL_VK_PC_Size,VK_PC,VK_PC,,C0000002488,TE_Kid 2+_Size,,Kid 2+,,C3,TE,C0000004863,Anti Cavity 07 FH Green TB,WHEN 'C0000000150' THEN 'HDL_VK_PC_Size',,C3,IM,#N/A,,,,,,,WHEN '61023929' THEN 'HA_S2_P5_30_Size',61023929,HA_S2_P5_30_Size,30,C5
C0000000151,HDL_VK_CAR_Size,VK_CAR,VK_CAR,,C0000003331,TE_AFH_Size,AFH_13_M,AFH,,C3,TE,C0000004864,Anti Cavity 07 FH Red TB,WHEN 'C0000000151' THEN 'HDL_VK_CAR_Size',,C3,IM,#N/A,,,,,,,WHEN '61017962' THEN 'HA_S2_P5_60_360_Size',61017962,HA_S2_P5_60_360_Size,60,C8
C0000000152,HDL_VK_PD_Size,VK_PD,VK_PD,,C0000003332,TE_AFH_Size,AFH_13_M,AFH,,#N/A,SKE,C0000005071,GUM CLEAN 15 CH WT STEP 1,WHEN 'C0000000152' THEN 'HDL_VK_PD_Size',,C3,IM,#N/A,,,,,,,WHEN '61017963' THEN 'HA_S2_P5_60_360_Size',61017963,HA_S2_P5_60_360_Size,60,C8
C0000000163,HDL_PK_Size,CP_09,PK,,C0000003333,TE_AFH_Size,AFH_13_M,AFH,,C3,IM,C0000005121,GUM CLEAN 15 CH WT/BL HANDLE,WHEN 'C0000000163' THEN 'HDL_PK_Size',,C3,IM,#N/A,,,,,,,WHEN '61005920' THEN 'HA_S2_P5_60_Size',61005920,HA_S2_P5_60_Size,60,C5
C0000000172,HDL_DBA_Size,DBA,DBA,,C0000003523,TE_SF_13_Size,,SF_13,,C3,IM,C0000005122,GUM CLEAN 15 CH WT/GN HANDLE,WHEN 'C0000000172' THEN 'HDL_DBA_Size',,#N/A,SKE,#N/A,,,,,,,WHEN '61001116' THEN 'HA_S2_P5_60_Size',61001116,HA_S2_P5_60_Size,60,C5
C0000000245,HDL_SCH_Size,SCH,SCH,,C0000003524,TE_SF_13_Size,,SF_13,,C3,IM,C0000005123,GUM CLEAN 15 CH WT/OR HANDLE,WHEN 'C0000000245' THEN 'HDL_SCH_Size',,#N/A,SKE,#N/A,,,,,,,WHEN '61008194' THEN 'HA_S2_P5_C_Size',61008194,HA_S2_P5_C_Size,120,C3
C0000000246,HDL_SCH_Size,SCH,SCH,,C0000003525,TE_SF_13_Size,,SF_13,,C3,IM,C0000005124,GUM CLEAN 15 CH WT/PK HANDLE,WHEN 'C0000000246' THEN 'HDL_SCH_Size',,#N/A,SKE,#N/A,,,,,,,WHEN 'VN01325A' THEN 'HA_S2_P5_C_Size',VN01325A,HA_S2_P5_C_Size,120,C5
C0000000247,HDL_SCH_Size,SCH,SCH,,C0000003537,TE_SF_13_Size,SF_13_S,SF_13,,C3,TE,C0000005134,GUM CLEAN 15 CHS WT/BL TB,WHEN 'C0000000247' THEN 'HDL_SCH_Size',,C3,IM,#N/A,,,,,,,WHEN '61004071' THEN 'HA_S2_P5_C_Size',61004071,HA_S2_P5_C_Size,120,C3
C0000000251,HDL_SCH_Size,SCH,SCH,,C0000003538,TE_SF_13_Size,SF_13_S,SF_13,,C3,TE,C0000005135,GUM CLEAN 15 CHS WT/GN TB,WHEN 'C0000000251' THEN 'HDL_SCH_Size',,C3,IM,#N/A,,,,,,,WHEN '61030110' THEN 'HA_S2_P5_C_Size',61030110,HA_S2_P5_C_Size,60,C3
C0000000355,SKE_ZZPLUS_Size,ZZPLUS,ZZPLUS,,C0000003539,TE_SF_13_Size,SF_13_S,SF_13,,C3,TE,C0000005136,GUM CLEAN 15 CHS WT/OR TB,WHEN 'C0000000355' THEN 'SKE_ZZPLUS_Size',,C3,IM,#N/A,,,,,,,WHEN 'VN00878A' THEN 'HA_S2_P5_C_Size',VN00878A,HA_S2_P5_C_Size,60,C5
C0000000356,HDL_ZZPLUS_Size,ZZPLUS,ZZPLUS,,C0000003540,TE_Kid 2+_Size,K2+_S,Kid 2+,,C3,TE,C0000005137,GUM CLEAN 15 CHS WT/PK TB,WHEN 'C0000000356' THEN 'HDL_ZZPLUS_Size',,C3,IM,#N/A,,,,,,,WHEN '1051927' THEN 'HA_S2_P5_C_Size',1051927,HA_S2_P5_C_Size,120,C5
C0000000357,HDL_ZZPLUS_Size,ZZPLUS,ZZPLUS,,C0000003790,TE_PR_CL_14_Size,PC_14_M,PR_CL_14,,C3,IM,C0000006281,MID-TIER AGE 5+ 16 YH BL DR RABBIT DH,WHEN 'C0000000357' THEN 'HDL_ZZPLUS_Size',,C3,IM,#N/A,,,,,,,WHEN '61031719' THEN 'HA_S2_P6_144_Size',61031719,HA_S2_P6_144_Size,144,C5
C0000000358,HDL_ZZPLUS_Size,ZZPLUS,ZZPLUS,,C0000003791,TE_PR_CL_14_Size,PC_14_M,PR_CL_14,,C3,IM,C0000006282,MID-TIER AGE 5+ 16 YH GN DR RABBIT DH,WHEN 'C0000000358' THEN 'HDL_ZZPLUS_Size',,C3,IM,#N/A,,,,,,,WHEN '61038434' THEN 'HA_S2_P6_144_Size',61038434,HA_S2_P6_144_Size,144,C5
C0000000359,HDL_ZZPLUS_Size,ZZPLUS,ZZPLUS,,C0000003792,TE_PR_CL_14_Size,PC_14_M,PR_CL_14,,C3,IM,C0000006284,MID-TIER AGE 5+ 16 YH PU DR RABBIT DH,WHEN 'C0000000359' THEN 'HDL_ZZPLUS_Size',,C3,IM,#N/A,,,,,,,WHEN '61004028' THEN 'HA_S2_P6_288_Size',61004028,HA_S2_P6_288_Size,288,C5
C0000000379,HDL_CL_CLEAN_Size,CL_CLEAN,CL_CLEAN,,C0000003793,TE_PR_CL_14_Size,PC_14_M,PR_CL_14,,C3,TE,C0000006289,MID-TIER AGE 5+ 16 YHX BL DR RABBIT TB,WHEN 'C0000000379' THEN 'HDL_CL_CLEAN_Size',,C3,IM,#N/A,,,,,,,WHEN '1050528' THEN 'HA_S2_P6_288_Size',1050528,HA_S2_P6_288_Size,288,C3
C0000000380,HDL_CL_CLEAN_Size,CL_CLEAN,CL_CLEAN,,C0000004023,TE_PR_CL_14_Size,PC_14_S,PR_CL_14,,C3,TE,C0000006290,MID-TIER AGE 5+ 16 YHX GN DR RABBIT TB,WHEN 'C0000000380' THEN 'HDL_CL_CLEAN_Size',,#N/A,SKE,#N/A,,,,,,,WHEN '61057216' THEN 'HA_S2_P6_288_Size',61057216,HA_S2_P6_288_Size,288,C3
C0000000381,HDL_CL_CLEAN_Size,CL_CLEAN,CL_CLEAN,,C0000004024,TE_PR_CL_14_Size,PC_14_S,PR_CL_14,,C3,TE,C0000006292,MID-TIER AGE 5+ 16 YHX PU DR RABBIT TB,WHEN 'C0000000381' THEN 'HDL_CL_CLEAN_Size',,#N/A,SKE,#N/A,,,,,,,WHEN '61051039' THEN 'HA_S2_P6_288_Size',61051039,HA_S2_P6_288_Size,288,C5
C0000000382,HDL_CL_CLEAN_Size,CL_CLEAN,CL_CLEAN,,C0000004025,TE_PR_CL_14_Size,PC_14_S,PR_CL_14,,C3,IM,C0000006404,Anti Cavity 17 FH Purple Handle,WHEN 'C0000000382' THEN 'HDL_CL_CLEAN_Size',,#N/A,SKE,#N/A,,,,,,,WHEN '61022513' THEN 'HA_S2_P6_288_Size',61022513,HA_S2_P6_288_Size,288,C3
C0000000455,HDL_SB_Decal_Size,SB_Decal,SB_Decal,,C0000004026,TE_PR_CL_14_Size,PC_14_S,PR_CL_14,,C3,TE,C0000006405,Anti Cavity 17 FH Purple TB,WHEN 'C0000000455' THEN 'HDL_SB_Decal_Size',,#N/A,SKE,#N/A,,,,,,,WHEN '1050587' THEN 'HA_S2_P6_288_Size',1050587,HA_S2_P6_288_Size,288,C3
C0000000461,SKE_EXCL_09_Size,EXCL_09,EXCL_09,,C0000004817,TE_PR_CL_14_Size,PC_14_H,PR_CL_14,,C3,IM,C0000007117,Mid-Tier Age 5+ 18 YH Pink Handle,WHEN 'C0000000461' THEN 'SKE_EXCL_09_Size',,#N/A,SKE,#N/A,,,,,,,WHEN '61023926' THEN 'HA_S2_P6_36_Size',61023926,HA_S2_P6_36_Size,36,C5
C0000000462,HDL_EXCL_09_Size,EC_11,EXCL_09,,C0000004818,TE_PR_CL_14_Size,PC_14_H,PR_CL_14,,C3,IM,C0000007143,Mid-Tier Age 5+ 18 YH PK Dr Rabbit DH,WHEN 'C0000000462' THEN 'HDL_EXCL_09_Size',,C3,IM,#N/A,,,,,,,WHEN '61031445' THEN 'HA_S3_3P_144_Size',61031445,HA_S3_3P_144_Size,144,C3
C0000000463,HDL_EXCL_09_Size,EC_11,EXCL_09,,C0000004819,TE_PR_CL_14_Size,PC_14_H,PR_CL_14,,C3,TE,C0000007156,Mid-Tier Age 5+ 18 YHX PK Dr Rabbit TB,WHEN 'C0000000463' THEN 'HDL_EXCL_09_Size',,C3,IM,#N/A,,,,,,,WHEN '61016413' THEN 'HA_S3_3P_Size',61016413,HA_S3_3P_Size,72,C5
C0000000464,HDL_EXCL_09_Size,EC_11,EXCL_09,,C0000004820,TE_PR_CL_14_Size,PC_14_H,PR_CL_14,,#N/A,SKE,C0000007360,Value Taper 19 CH BK Handle Step 1,WHEN 'C0000000464' THEN 'HDL_EXCL_09_Size',,C3,IM,#N/A,,,,,,,WHEN '61049248' THEN 'HA_S3_4P_24_Size',61049248,HA_S3_4P_24_Size,24,C3
C0000000465,HDL_EXCL_09_Size,EC_11,EXCL_09,,C0000004862,TE_AC_17_Size,AC_17_M,AC_17,,#N/A,SKE,C0000008417,ZigZag Charcoal 20 GY FH Handle step 1,WHEN 'C0000000465' THEN 'HDL_EXCL_09_Size',,C3,IM,#N/A,,,,,,,WHEN '61036210' THEN 'HA_S3_4P_24_Size',61036210,HA_S3_4P_24_Size,24,C5
C0000000496,SKE_EXCL_GUM_Size,EXCL_GUM,EXCL_GUM,,C0000004863,TE_AC_17_Size,AC_17_M,AC_17,,#N/A,SKE,C0000008535,Double Action Charcoal 20 BK XH Skeleton,WHEN 'C0000000496' THEN 'SKE_EXCL_GUM_Size',,#N/A,SKE,#N/A,,,,,,,WHEN '61057662' THEN 'HA_S3_4P_24_Size',61057662,HA_S3_4P_24_Size,24,C3
C0000000500,HDL_EXCL_GUM_Size,EXCL_GUM,EXCL_GUM,,C0000004864,TE_AC_17_Size,AC_17_M,AC_17,,C3,IM,C0000008552,DoubleAction Charcoal 20 BK/OR XH Handle,WHEN 'C0000000500' THEN 'HDL_EXCL_GUM_Size',,#N/A,SKE,#N/A,,,,,,,WHEN '61040875' THEN 'HA_S3_4P_24_Size',61040875,HA_S3_4P_24_Size,24,C5
C0000000501,HDL_EXCL_GUM_Size,EXCL_GUM,EXCL_GUM,,C0000005108,TE_Kid 6+_S_Size,K6+_TAPER_S,Kid 6+_S,,C3,IM,C0000008553,DoubleAction Charcoal 20 BK/GN XH Handle,WHEN 'C0000000501' THEN 'HDL_EXCL_GUM_Size',,#N/A,SKE,#N/A,,,,,,,WHEN '61030080' THEN 'HA_S3_4P_24_Size',61030080,HA_S3_4P_24_Size,24,C3
C0000000502,HDL_EXCL_GUM_Size,EXCL_GUM,EXCL_GUM,,C0000005109,TE_Kid 6+_S_Size,K6+_TAPER_S,Kid 6+_S,,C3,IM,C0000008554,DoubleAction Charcoal 20 BK/PK XH Handle,WHEN 'C0000000502' THEN 'HDL_EXCL_GUM_Size',,#N/A,SKE,#N/A,,,,,,,WHEN '61053320' THEN 'HA_S3_4P_48_Size',61053320,HA_S3_4P_48_Size,48,C3
C0000000503,HDL_EXCL_GUM_Size,EXCL_GUM,EXCL_GUM,,C0000005134,TE_GC 15_Size,GC_15_S,GC 15,,C3,IM,C0000008555,DoubleAction Charcoal 20 BK/BL XH Handle,WHEN 'C0000000503' THEN 'HDL_EXCL_GUM_Size',,C3,IM,#N/A,,,,,,,WHEN '61030115' THEN 'HA_S3_4P_48_Size',61030115,HA_S3_4P_48_Size,48,C3
C0000000604,HDL_CC09_Size,CC09,CC09,,C0000005135,TE_GC 15_Size,GC_15_S,GC 15,,C3,TE,C0000008561,Double Action Charcoal 20 BK/GN XHM TB,WHEN 'C0000000604' THEN 'HDL_CC09_Size',,C3,IM,#N/A,,,,,,,WHEN '168768' THEN 'HA_S3_4P_72_360_Size',168768,HA_S3_4P_72_360_Size,72,C8
C0000000753,SKE_ZZ09_Size,ZZ09,ZZ09,,C0000005136,TE_GC 15_Size,GC_15_S,GC 15,,C3,TE,C0000008562,Double Action Charcoal 20 BK/OR XHM TB,WHEN 'C0000000753' THEN 'SKE_ZZ09_Size',,C3,IM,#N/A,,,,,,,WHEN '168742' THEN 'HA_S3_4P_72_360_Size',168742,HA_S3_4P_72_360_Size,72,C8
C0000000795,HDL_DC 97_Size,DC 97,DC 97,,C0000005137,TE_GC 15_Size,GC_15_S,GC 15,,C3,TE,C0000008563,Double Action Charcoal 20 BK/PK XHM TB,WHEN 'C0000000795' THEN 'HDL_DC 97_Size',,C3,IM,#N/A,,,,,,,WHEN 'CN08056A' THEN 'HA_S3_4P_72_360_Size',CN08056A,HA_S3_4P_72_360_Size,72,C8
C0000000796,HDL_DC 97_Size,DC 97,DC 97,,C0000005148,TE_ZZ15_Size,ZZ_15_M,ZZ15,,C3,TE,C0000008564,Double Action Charcoal 20 BK/BL XHM TB,WHEN 'C0000000796' THEN 'HDL_DC 97_Size',,C3,IM,#N/A,,,,,,,WHEN '168743' THEN 'HA_S3_4P_72_360_Size',168743,HA_S3_4P_72_360_Size,72,C8
C0000000797,HDL_DC 97_Size,DC 97,DC 97,,C0000005149,TE_ZZ15_Size,ZZ_15_M,ZZ15,,C3,IM,C0000008937,Mid-Tier Age 6+ 21 BL YHX Dinosaur TB,WHEN 'C0000000797' THEN 'HDL_DC 97_Size',,C3,IM,#N/A,,,,,,,WHEN '61034596' THEN 'HA_S3_4P_72_Size',61034596,HA_S3_4P_72_Size,72,C3
C0000000798,HDL_DC 97_Size,DC 97,DC 97,,C0000005150,TE_ZZ15_Size,ZZ_15_M,ZZ15,,C3,IM,C0000008938,Mid-Tier Age 6+ 21 GN YHX Dinosaur TB,WHEN 'C0000000798' THEN 'HDL_DC 97_Size',,C3,IM,#N/A,,,,,,,WHEN '61034584' THEN 'HA_S3_4P_72_Size',61034584,HA_S3_4P_72_Size,72,C3
C0000000824,SKE_TF 09_Size,TF 09,TF 09,,C0000005151,TE_ZZ15_Size,ZZ_15_M,ZZ15,,C3,IM,C0000008939,Mid-Tier Age 6+ 21 PK YHX Unicorn TB,WHEN 'C0000000824' THEN 'SKE_TF 09_Size',,C3,IM,#N/A,,,,,,,WHEN '61034598' THEN 'HA_S3_4P_72_Size',61034598,HA_S3_4P_72_Size,72,C3
C0000000902,HDL_TF 09_Size,TF 09,TF 09,,C0000005155,TE_ZZ15_Size,ZZ_15_S,ZZ15,,C3,IM,C0000008940,Mid-Tier Age 6+ 21 PU YHX Unicorn TB,WHEN 'C0000000902' THEN 'HDL_TF 09_Size',,#N/A,SKE,#N/A,,,,,,,WHEN '61034568' THEN 'HA_S3_4P_72_Size',61034568,HA_S3_4P_72_Size,72,C5
C0000000903,SKE_ZZ GC 09_Size,ZZ GC 09,ZZ GC 09,,C0000005156,TE_ZZ15_Size,ZZ_15_S,ZZ15,,C3,TE,C0000008943,Mid-Tier Age 6+ 21 PU YHX Unicorn TB,WHEN 'C0000000903' THEN 'SKE_ZZ GC 09_Size',,#N/A,SKE,#N/A,,,,,,,WHEN '61034581' THEN 'HA_S3_4P_72_Size',61034581,HA_S3_4P_72_Size,72,C3
C0000000905,HDL_ZZ GC 09_Size,ZZGC_09,ZZ GC 09,,C0000005157,TE_ZZ15_Size,ZZ_15_S,ZZ15,,C3,TE,C0000008944,Mid-Tier Age 6+ 21 PK YHX Unicorn TB,WHEN 'C0000000905' THEN 'HDL_ZZ GC 09_Size',,#N/A,SKE,#N/A,,,,,,,WHEN '61063158' THEN 'HA_S3_4P_72_Size',61063158,HA_S3_4P_72_Size,72,C3
C0000000906,HDL_ZZ GC 09_Size,ZZGC_09,ZZ GC 09,,C0000005158,TE_ZZ15_Size,ZZ_15_S,ZZ15,,C3,TE,C0000008945,Mid-Tier Age 6+ 21 GN YHX Dinosaur TB,WHEN 'C0000000906' THEN 'HDL_ZZ GC 09_Size',,#N/A,SKE,#N/A,,,,,,,WHEN '61033772' THEN 'HA_S3_4P_96_Size',61033772,HA_S3_4P_96_Size,96,C3
C0000000907,HDL_ZZ GC 09_Size,ZZGC_09,ZZ GC 09,,C0000005202,TE_EXCL_15_Size,EC_15_M,EXCL_15,,C3,TE,C0000008946,Mid-Tier Age 6+ 21 BL YHX Dinosaur TB,WHEN 'C0000000907' THEN 'HDL_ZZ GC 09_Size',,C3,IM,#N/A,,,,,,,WHEN '61044940' THEN 'HA_S3_4P_96_Size',61044940,HA_S3_4P_96_Size,96,C3
C0000000908,HDL_ZZ GC 09_Size,ZZGC_09,ZZ GC 09,,C0000005203,TE_EXCL_15_Size,EC_15_M,EXCL_15,,#N/A,SKE,C0000009094,Classic Clean 21 WT FH Handle Step 1,WHEN 'C0000000908' THEN 'HDL_ZZ GC 09_Size',,C3,IM,#N/A,,,,,,,WHEN '61055815' THEN 'HA_S3_4P_96_Size',61055815,HA_S3_4P_96_Size,96,C3
C0000000918,SKE_TPA_09_Size,TPA_09,TPA_09,,C0000005204,TE_EXCL_15_Size,EC_15_M,EXCL_15,,#N/A,SKE,C0000009095,Premier Clean 21 PU FH Handle Step 1,WHEN 'C0000000918' THEN 'SKE_TPA_09_Size',,C3,IM,#N/A,,,,,,,WHEN '61047369' THEN 'HA_S3_4P_96_Size',61047369,HA_S3_4P_96_Size,96,C8
C0000000924,HDL_TPA_09_Size,TA_09,TPA_09,,C0000005205,TE_EXCL_15_Size,EC_15_M,EXCL_15,,#N/A,SKE,C0000009096,Premier Clean 21 GN FH Handle Step 1,WHEN 'C0000000924' THEN 'HDL_TPA_09_Size',,C3,IM,#N/A,,,,,,,WHEN '61031717' THEN 'HA_S3_4P_96_Size',61031717,HA_S3_4P_96_Size,96,C3
C0000000942,SKE_GC09_Size,GC09,GC09,,C0000005206,TE_EXCL_15_Size,EC_15_S,EXCL_15,,#N/A,SKE,C0000009097,Premier Clean 21 PK FH Handle Step 1,WHEN 'C0000000942' THEN 'SKE_GC09_Size',,C3,IM,#N/A,,,,,,,WHEN '1051510' THEN 'HA_S3_4P_96_Size',1051510,HA_S3_4P_96_Size,96,C3
C0000000943,HDL_GC09_Size,GC_09,GC09,,C0000005207,TE_EXCL_15_Size,EC_15_S,EXCL_15,,#N/A,SKE,C0000009098,Premier Clean 21 BL FH Handle Step 1,WHEN 'C0000000943' THEN 'HDL_GC09_Size',,C3,IM,#N/A,,,,,,,WHEN '1051511' THEN 'HA_S3_4P_96_Size',1051511,HA_S3_4P_96_Size,96,C3
C0000000944,HDL_GC09_Size,GC_09,GC09,,C0000005208,TE_EXCL_15_Size,EC_15_S,EXCL_15,,C3,IM,C0000009104,Classic Clean 21 WT/PU FH Handle,WHEN 'C0000000944' THEN 'HDL_GC09_Size',,C3,IM,#N/A,,,,,,,WHEN '61004070' THEN 'HA_S3_4P_C_Size',61004070,HA_S3_4P_C_Size,72,C5
C0000000945,HDL_GC09_Size,GC_09,GC09,,C0000005209,TE_EXCL_15_Size,EC_15_S,EXCL_15,,C3,IM,C0000009105,Classic Clean 21 WT/GN FH Handle,WHEN 'C0000000945' THEN 'HDL_GC09_Size',,C3,IM,#N/A,,,,,,,WHEN 'CN01386A' THEN 'HA_S3_4P_Size',CN01386A,HA_S3_4P_Size,72,C5
C0000000946,HDL_GC09_Size,GC_09,GC09,,C0000005548,TE_ECGC_15_Size,ECGC_15_S,ECGC_15,,C3,IM,C0000009106,Classic Clean 21 WT/RD FH Handle,WHEN 'C0000000946' THEN 'HDL_GC09_Size',,C3,IM,#N/A,,,,,,,WHEN '61001754' THEN 'HA_S3_4P_Size',61001754,HA_S3_4P_Size,48,C5
C0000000985,HDL_ZZ AB 09_Size,ZZAB_09,ZZ AB 09,,C0000005549,TE_ECGC_15_Size,ECGC_15_S,ECGC_15,,C3,IM,C0000009107,Classic Clean 21 WT/BL FH Handle,WHEN 'C0000000985' THEN 'HDL_ZZ AB 09_Size',,C3,IM,#N/A,,,,,,,WHEN 'VN00921A' THEN 'HA_S3_4P_Size',VN00921A,HA_S3_4P_Size,72,C5
C0000000986,HDL_ZZ AB 09_Size,ZZAB_09,ZZ AB 09,,C0000005550,TE_ECGC_15_Size,ECGC_15_S,ECGC_15,,C3,TE,C0000009112,Classic Clean 21 WT/RD FHS TB,WHEN 'C0000000986' THEN 'HDL_ZZ AB 09_Size',,C3,IM,#N/A,,,,,,,WHEN '312950' THEN 'HA_S3_4P_Size',312950,HA_S3_4P_Size,72,C5
C0000000987,HDL_ZZ AB 09_Size,ZZAB_09,ZZ AB 09,,C0000005631,TE_ECSS_16_Size,ECSS_16_S,ECSS_16,,C3,TE,C0000009113,Classic Clean 21 WT/GN FHS TB,WHEN 'C0000000987' THEN 'HDL_ZZ AB 09_Size',,C3,IM,#N/A,,,,,,,WHEN 'VN00874A' THEN 'HA_S3_4P_Size',VN00874A,HA_S3_4P_Size,48,C5
C0000000988,HDL_ZZ AB 09_Size,ZZAB_09,ZZ AB 09,,C0000005632,TE_ECSS_16_Size,ECSS_16_S,ECSS_16,,C3,TE,C0000009114,Classic Clean 21 WT/BL FHS TB,WHEN 'C0000000988' THEN 'HDL_ZZ AB 09_Size',,#N/A,SKE,#N/A,,,,,,,WHEN 'VN01265A' THEN 'HA_S3_4P_Size',VN01265A,HA_S3_4P_Size,96,C5
C0000001001,HDL_TF 09_Size,TF 09,TF 09,,C0000005633,TE_ECSS_16_Size,ECSS_16_S,ECSS_16,,C3,TE,C0000009115,Classic Clean 21 WT/PU FHS TB,WHEN 'C0000001001' THEN 'HDL_TF 09_Size',,#N/A,SKE,#N/A,,,,,,,WHEN '61022561' THEN 'HA_S3_4P_Size',61022561,HA_S3_4P_Size,24,C5
C0000001002,HDL_TF 09_Size,TF 09,TF 09,,C0000005634,TE_ECSS_16_Size,ECSS_16_S,ECSS_16,,C3,TE,C0000009120,Classic Clean 21 WT/PU FHM TB,WHEN 'C0000001002' THEN 'HDL_TF 09_Size',,#N/A,SKE,#N/A,,,,,,,WHEN '61015405' THEN 'HA_S3_4P_Size',61015405,HA_S3_4P_Size,96,C3
C0000001003,HDL_TF 09_Size,TF 09,TF 09,,C0000005691,TE_SF_15_Size,SF_15_S,SF_15,,C3,TE,C0000009121,Classic Clean 21 WT/PK FHM TB,WHEN 'C0000001003' THEN 'HDL_TF 09_Size',,#N/A,SKE,#N/A,,,,,,,WHEN '61006594' THEN 'HA_S3_4P_Size',61006594,HA_S3_4P_Size,48,C5
C0000001013,HDL_TPA_09_Size,TA_09,TPA_09,,C0000005692,TE_SF_15_Size,SF_15_S,SF_15,,C3,TE,C0000009122,Classic Clean 21 WT/GN FHM TB,WHEN 'C0000001013' THEN 'HDL_TPA_09_Size',,C3,IM,#N/A,,,,,,,WHEN '1052175' THEN 'HA_S3_4P_Size',1052175,HA_S3_4P_Size,72,C5
C0000001014,HDL_TPA_09_Size,TA_09,TPA_09,,C0000005693,TE_SF_15_Size,SF_15_S,SF_15,,C3,TE,C0000009123,Classic Clean 21 WT/BL FHM TB,WHEN 'C0000001014' THEN 'HDL_TPA_09_Size',,C3,IM,#N/A,,,,,,,WHEN '61000481' THEN 'HA_S3_4P_Size',61000481,HA_S3_4P_Size,48,C5
C0000001015,HDL_TPA_09_Size,TA_09,TPA_09,,C0000005695,TE_SF_15_Size,SF15_M,SF_15,,#N/A,SKE,C0000009240,Triple Action 21 OR FH Handle Step1,WHEN 'C0000001015' THEN 'HDL_TPA_09_Size',,C3,IM,#N/A,,,,,,,WHEN '61016400' THEN 'HA_S3_4P_Size',61016400,HA_S3_4P_Size,48,C5
C0000001371,HDL_PK_Size,CP_09,PK,,C0000005696,TE_SF_15_Size,SF15_M,SF_15,,#N/A,SKE,C0000009241,Triple Action 21 GN FH Handle Step1,WHEN 'C0000001371' THEN 'HDL_PK_Size',,C3,IM,#N/A,,,,,,,WHEN 'VN01061A' THEN 'HA_S3_4P_Size',VN01061A,HA_S3_4P_Size,48,C5
C0000001372,HDL_PK_Size,CP_09,PK,,C0000005697,TE_SF_15_Size,SF15_M,SF_15,,#N/A,SKE,C0000009242,Triple Action 21 PK FH Handle Step1,WHEN 'C0000001372' THEN 'HDL_PK_Size',,#N/A,SKE,#N/A,,,,,,,WHEN 'VN00933A' THEN 'HA_S3_4P_Size',VN00933A,HA_S3_4P_Size,72,C5
C0000002049,SKE_TF09 CH_Size,TF09 CH,TF09 CH,,C0000005804,TE_SWAN_19_Size,SWAN,SWAN_19,,#N/A,SKE,C0000009243,Triple Action 21 BL FH Handle Step1,WHEN 'C0000002049' THEN 'SKE_TF09 CH_Size',,#N/A,SKE,#N/A,,,,,,,WHEN '61008139' THEN 'HA_S3_4P_Size',61008139,HA_S3_4P_Size,96,C5
C0000002050,HDL_TF09 CH_Size,TF09 CH,TF09 CH,,C0000005805,TE_SWAN_19_Size,SWAN,SWAN_19,,C3,IM,C0000009255,Triple Action 21 PK/WT FH Handle Step2,WHEN 'C0000002050' THEN 'HDL_TF09 CH_Size',,#N/A,SKE,#N/A,,,,,,,WHEN '61000474' THEN 'HA_S3_4P_Size',61000474,HA_S3_4P_Size,24,C3
C0000002051,HDL_TF09 CH_Size,TF09 CH,TF09 CH,,C0000005806,TE_SWAN_19_Size,SWAN,SWAN_19,,C3,IM,C0000009256,Triple Action 21 GN/WT FH Handle Step2,WHEN 'C0000002051' THEN 'HDL_TF09 CH_Size',,#N/A,SKE,#N/A,,,,,,,WHEN 'VN00734A' THEN 'HA_S3_4P_Size',VN00734A,HA_S3_4P_Size,24,C5
C0000002052,HDL_TF09 CH_Size,TF09 CH,TF09 CH,,C0000005825,TE_TW16_Size,TW_16FLAT_S,TW16,,C3,IM,C0000009257,Triple Action 21 OR/WT FH Handle Step2,WHEN 'C0000002052' THEN 'HDL_TF09 CH_Size',,C3,IM,#N/A,,,,,,,WHEN '61006805' THEN 'HA_S3_4P_Size',61006805,HA_S3_4P_Size,48,C5
C0000002053,HDL_TF09 CH_Size,TF09 CH,TF09 CH,,C0000005826,TE_TW16_Size,TW_16FLAT_S,TW16,,C3,IM,C0000009258,Triple Action 21 BL/WT FH Handle Step2,WHEN 'C0000002053' THEN 'HDL_TF09 CH_Size',,C3,IM,#N/A,,,,,,,WHEN '61006596' THEN 'HA_S3_4P_Size',61006596,HA_S3_4P_Size,48,C5
C0000002125,HDL_CC_11_WH_Size,CCDC_11,CC_11_WH,,C0000005827,TE_TW16_Size,TW_16FLAT_S,TW16,,C3,TE,C0000009305,Triple Action 21 OR/WT FHM TB,WHEN 'C0000002125' THEN 'HDL_CC_11_WH_Size',,C3,IM,#N/A,,,,,,,WHEN '61006806' THEN 'HA_S3_4P_Size',61006806,HA_S3_4P_Size,48,C5
C0000002609,SKE_DBA_12_Size,DBA_12,DBA_12,,C0000005829,TE_TW16_Size,TW_16FLAT_M,TW16,,C3,TE,C0000009306,Triple Action 21 GN/WT FHM TB,WHEN 'C0000002609' THEN 'SKE_DBA_12_Size',,C3,IM,#N/A,,,,,,,WHEN '61007297' THEN 'HA_S3_4P_Size',61007297,HA_S3_4P_Size,48,C5
C0000002610,SKE_DBA_12_Size,DBA_12,DBA_12,,C0000005830,TE_TW16_Size,TW_16FLAT_M,TW16,,C3,TE,C0000009307,Triple Action 21 PK/WT FHM TB,WHEN 'C0000002610' THEN 'SKE_DBA_12_Size',,C3,IM,#N/A,,,,,,,WHEN '61006812' THEN 'HA_S3_4P_Size',61006812,HA_S3_4P_Size,48,C5
C0000002611,SKE_DBA_12_Size,DBA_12,DBA_12,,C0000005831,TE_TW16_Size,TW_16FLAT_M,TW16,,C3,TE,C0000009308,Triple Action 21 BL/WT FHM TB,WHEN 'C0000002611' THEN 'SKE_DBA_12_Size',,C3,IM,#N/A,,,,,,,WHEN '61030113' THEN 'HA_S3_4P_Size',61030113,HA_S3_4P_Size,48,C3
C0000002612,SKE_DBA_12_Size,DBA_12,DBA_12,,C0000005895,TE_TW16_Size,TW_16WAVY_M,TW16,,C3,TE,C0000009482,Triple Action 21 OR/WT FHS TB,WHEN 'C0000002612' THEN 'SKE_DBA_12_Size',,C3,IM,#N/A,,,,,,,WHEN '1052196' THEN 'HA_S3_4P_Size',1052196,HA_S3_4P_Size,96,C5
C0000002676,HDL_Kid 5+_Size,K5+,Kid 5+,,C0000005896,TE_TW16_Size,TW_16WAVY_M,TW16,,C3,TE,C0000009483,Triple Action 21 BL/WT FHS TB,WHEN 'C0000002676' THEN 'HDL_Kid 5+_Size',,C3,IM,#N/A,,,,,,,WHEN 'VN00876A' THEN 'HA_S3_4P_Size',VN00876A,HA_S3_4P_Size,48,C5
C0000002677,HDL_Kid 5+_Size,K5+,Kid 5+,,C0000005897,TE_TW16_Size,TW_16WAVY_M,TW16,,C3,TE,C0000009484,Triple Action 21 PK/WT FHS TB,WHEN 'C0000002677' THEN 'HDL_Kid 5+_Size',,C3,IM,#N/A,,,,,,,WHEN '61021131' THEN 'HA_S3_4P_Size',61021131,HA_S3_4P_Size,96,C5
C0000002678,HDL_Kid 5+_Size,K5+,Kid 5+,,C0000005898,TE_TW16_Size,TW_16WAVY_M,TW16,,C3,TE,C0000009485,Triple Action 21 GN/WT FHS TB,WHEN 'C0000002678' THEN 'HDL_Kid 5+_Size',,C3,IM,#N/A,,,,,,,WHEN '1052330' THEN 'HA_S3_4P_Size',1052330,HA_S3_4P_Size,24,C5
C0000002686,HDL_Kid 5+_D_Size,KID5+DECAL,Kid 5+_D,,C0000005899,TE_TW16_Size,TW_16WAVY_S,TW16,,C3,TE,C0000009486,Triple Action 21 BL/WT Gum FHS TB,WHEN 'C0000002686' THEN 'HDL_Kid 5+_D_Size',,C3,IM,#N/A,,,,,,,WHEN 'FVN52196' THEN 'HA_S3_4P_Size',FVN52196,HA_S3_4P_Size,96,C5
C0000002687,HDL_Kid 5+_D_Size,KID5+DECAL,Kid 5+_D,,C0000005900,TE_TW16_Size,TW_16WAVY_S,TW16,,C3,TE,C0000009487,Triple Action 21 PK/WT Gum FHS TB,WHEN 'C0000002687' THEN 'HDL_Kid 5+_D_Size',,#N/A,SKE,#N/A,,,,,,,WHEN '61009132' THEN 'HA_S3_4P_Size',61009132,HA_S3_4P_Size,96,C3
C0000002688,HDL_Kid 5+_D_Size,KID5+DECAL,Kid 5+_D,,C0000005901,TE_TW16_Size,TW_16WAVY_S,TW16,,C3,TE,C0000009488,Triple Action 21 GN/WT Gum FHS TB,WHEN 'C0000002688' THEN 'HDL_Kid 5+_D_Size',,C3,IM,#N/A,,,,,,,WHEN '61012494' THEN 'HA_S3_4P_Size',61012494,HA_S3_4P_Size,72,C5
C0000002689,HDL_Kid 5+_D_Size,KID5+DECAL,Kid 5+_D,,C0000005902,TE_TW16_Size,TW_16WAVY_S,TW16,,C3,TE,C0000009489,Triple Action 21 OR/WT Gum FHS TB,WHEN 'C0000002689' THEN 'HDL_Kid 5+_D_Size',,C3,IM,#N/A,,,,,,,WHEN 'VN00615A' THEN 'HA_S3_4P_Size',VN00615A,HA_S3_4P_Size,48,C5
C0000002811,SKE_TW 13_Size,TW 13,TW 13,,C0000005930,TE_TWGC_16_Size,TWGC_16_S,TWGC_16,,C3,TE,C0000009495,Mid-Tier Age 6+ 21 BL YHX Turtle TB,WHEN 'C0000002811' THEN 'SKE_TW 13_Size',,C3,IM,#N/A,,,,,,,WHEN '1052178' THEN 'HA_S3_4P_Size',1052178,HA_S3_4P_Size,72,C5
C0000002812,HDL_TW 13_Size,TW_13,TW 13,,C0000005931,TE_TWGC_16_Size,TWGC_16_S,TWGC_16,,C3,TE,C0000009496,Mid-Tier Age 6+ 21 BL YHX Octopus TB,WHEN 'C0000002812' THEN 'HDL_TW 13_Size',,C3,IM,#N/A,,,,,,,WHEN 'VN00908A' THEN 'HA_S3_4P_Size',VN00908A,HA_S3_4P_Size,72,C5
C0000002813,HDL_TW 13_Size,TW_13,TW 13,,C0000005932,TE_TWGC_16_Size,TWGC_16_S,TWGC_16,,C3,TE,C0000009497,Mid-Tier Age 6+ 21 GN YHX Dolphin TB,WHEN 'C0000002813' THEN 'HDL_TW 13_Size',,C9,IM,#N/A,,,,,,,WHEN '61006808' THEN 'HA_S3_4P_Size',61006808,HA_S3_4P_Size,48,C5
C0000002814,HDL_TW 13_Size,TW_13,TW 13,,C0000005933,TE_TWGC_16_Size,TWGC_16_S,TWGC_16,,C3,TE,C0000009498,Mid-Tier Age 6+ 21 PU YHX Starfish TB,WHEN 'C0000002814' THEN 'HDL_TW 13_Size',,C9,IM,#N/A,,,,,,,WHEN '61003847' THEN 'HA_S3_4P_Size',61003847,HA_S3_4P_Size,24,C5
C0000002815,HDL_TW 13_Size,TW_13,TW 13,,C0000005974,TE_TW16_Size,TW_16FLAT_M,TW16,,C3,IM,C0000009499,Mid-Tier Age 6+ 21 BL YH Turtle DH,WHEN 'C0000002815' THEN 'HDL_TW 13_Size',,C9,IM,#N/A,,,,,,,WHEN 'VN01134A' THEN 'HA_S3_6P_Size',VN01134A,HA_S3_6P_Size,108,C5
C0000002886,HDL_EXCL_13_Size,EC_13,EXCL_13,,C0000005975,TE_TW16_Size,TW_16FLAT_S,TW16,,C3,IM,C0000009500,Mid-Tier Age 6+ 21 BL YH Octopus DH,WHEN 'C0000002886' THEN 'HDL_EXCL_13_Size',,#N/A,SKE,#N/A,,,,,,,WHEN '61038992' THEN 'HA_S4_4P_48_Size',61038992,HA_S4_4P_48_Size,48,C5
C0000002887,HDL_EXCL_13_Size,EC_13,EXCL_13,,C0000006029,TE_DBA_16_Size,DA_16_M,DBA_16,,C3,IM,C0000009501,Mid-Tier Age 6+ 21 GN YH Dolphin DH,WHEN 'C0000002887' THEN 'HDL_EXCL_13_Size',,C8,IM,#N/A,,,,,,,WHEN '61053813' THEN 'HA_S4_4P_48_Size',61053813,HA_S4_4P_48_Size,48,C3
C0000002888,HDL_EXCL_13_Size,EC_13,EXCL_13,,C0000006030,TE_DBA_16_Size,DA_16_M,DBA_16,,C3,IM,C0000009502,Mid-Tier Age 6+ 21 PU YH Starfish DH,WHEN 'C0000002888' THEN 'HDL_EXCL_13_Size',,C8,IM,#N/A,,,,,,,WHEN '61040871' THEN 'HA_S4_4P_96_Size',61040871,HA_S4_4P_96_Size,96,C3
C0000002889,HDL_EXCL_13_Size,EC_13,EXCL_13,,C0000006031,TE_DBA_16_Size,DA_16_M,DBA_16,,#N/A,SKE,C0000009829,Pro cuidado 22 CH OR Handle Step 1,WHEN 'C0000002889' THEN 'HDL_EXCL_13_Size',,C8,IM,#N/A,,,,,,,WHEN '61030081' THEN 'HA_S4_TA_24_Size',61030081,HA_S4_TA_24_Size,24,C3
C0000002941,HDL_Kid 2+_Size,K2+,Kid 2+,,C0000006289,TE_TANDY_K_S_Size,K5+_TANDY_S,TANDY_K_S,,#N/A,SKE,C0000009830,Pro cuidado 22 CH PK Handle Step 1,WHEN 'C0000002941' THEN 'HDL_Kid 2+_Size',,C3,IM,#N/A,,,,,,,WHEN '61030123' THEN 'HA_S4_TA_24_Size',61030123,HA_S4_TA_24_Size,24,C5
C0000002942,HDL_Kid 2+_Size,K2+,Kid 2+,,C0000006290,TE_TANDY_K_S_Size,K5+_TANDY_S,TANDY_K_S,,#N/A,SKE,C0000009831,Pro cuidado 22 CH GN Handle Step 1,WHEN 'C0000002942' THEN 'HDL_Kid 2+_Size',,C3,IM,#N/A,,,,,,,WHEN '61030105' THEN 'HA_S4_TA_24_Size',61030105,HA_S4_TA_24_Size,24,C5
C0000002943,HDL_Kid 2+_Size,K2+,Kid 2+,,C0000006291,TE_TANDY_K_S_Size,TANDY_KID_S,TANDY_K_S,,#N/A,SKE,C0000009832,Pro cuidado 22 CH BL Handle Step 1,WHEN 'C0000002943' THEN 'HDL_Kid 2+_Size',,C3,IM,#N/A,,,,,,,WHEN '61030116' THEN 'HA_S4_TA_24_Size',61030116,HA_S4_TA_24_Size,24,C5
C0000002944,HDL_Kid 2+_Size,K2+,Kid 2+,,C0000006292,TE_TANDY_K_S_Size,K5+_TANDY_S,TANDY_K_S,,C3,IM,C0000009837,Pro cuidado 22 CH OR/BK Handle,WHEN 'C0000002944' THEN 'HDL_Kid 2+_Size',,C3,IM,#N/A,,,,,,,WHEN '61055814' THEN 'HA_S4_TA_24_Size',61055814,HA_S4_TA_24_Size,24,C3
C0000003327,HDL_AFH_Size,AFH_13,AFH,,C0000006401,TE_DBA_16_Size,DA_16_H,DBA_16,,C3,IM,C0000009838,Pro cuidado 22 CH PK/BK Handle,WHEN 'C0000003327' THEN 'HDL_AFH_Size',,#N/A,SKE,#N/A,,,,,,,WHEN '61030120' THEN 'HA_S4_TA_24_Size',61030120,HA_S4_TA_24_Size,24,C5
C0000003328,HDL_AFH_Size,AFH_13,AFH,,C0000006402,TE_DBA_16_Size,DA_16_H,DBA_16,,C3,IM,C0000009839,Pro cuidado 22 CH GN/BK Handle,WHEN 'C0000003328' THEN 'HDL_AFH_Size',,#N/A,SKE,#N/A,,,,,,,WHEN '61000476' THEN 'HA_S4_TPL+C_Size',61000476,HA_S4_TPL+C_Size,72,C5
C0000003329,HDL_AFH_Size,AFH_13,AFH,,C0000006403,TE_DBA_16_Size,DA_16_H,DBA_16,,C3,IM,C0000009840,Pro cuidado 22 CH BL/BK Handle,WHEN 'C0000003329' THEN 'HDL_AFH_Size',,#N/A,SKE,#N/A,,,,,,,WHEN '61016710' THEN 'HA_S4_TPL+C_Size',61016710,HA_S4_TPL+C_Size,72,C3
C0000003514,SKE_SF_13_Size,SF_13,SF_13,,C0000006405,TE_AC_17_Size,AC_17_M,AC_17,,C3,TE,C0000009845,Pro cuidado 22 CHM OR/BK TB,WHEN 'C0000003514' THEN 'SKE_SF_13_Size',,C3,IM,#N/A,,,,,,,WHEN 'VN01295A' THEN 'HA_S4_TPL+C_Size',VN01295A,HA_S4_TPL+C_Size,72,C5
C0000003519,SKE_SF_13_Size,SF_13,SF_13,,C0000006580,TE_EC_GC_17_Size,ECGC_17_S,EC_GC_17,,C3,TE,C0000009846,Pro cuidado 22 CHM PK/BK TB,WHEN 'C0000003519' THEN 'SKE_SF_13_Size',,C3,IM,#N/A,,,,,,,WHEN 'VN00606A' THEN 'HA_S4_TPL+C_Size',VN00606A,HA_S4_TPL+C_Size,72,C3
C0000003520,HDL_SF_13_Size,SF_13,SF_13,,C0000006581,TE_EC_GC_17_Size,ECGC_17_S,EC_GC_17,,C3,TE,C0000009847,Pro cuidado 22 CHM GN/BK TB,WHEN 'C0000003520' THEN 'HDL_SF_13_Size',,C3,IM,#N/A,,,,,,,WHEN '61041209' THEN 'HA_S4_TPL+C_Size',61041209,HA_S4_TPL+C_Size,72,C3
C0000003521,HDL_SF_13_Size,SF_13,SF_13,,C0000006582,TE_EC_GC_17_Size,ECGC_17_S,EC_GC_17,,C3,TE,C0000009848,Pro cuidado 22 CHM BL/BK TB,WHEN 'C0000003521' THEN 'HDL_SF_13_Size',,C3,IM,#N/A,,,,,,,WHEN '61059202' THEN 'HA_S4_TPL_108_Size',61059202,HA_S4_TPL_108_Size,108,C3
C0000003522,HDL_SF_13_Size,SF_13,SF_13,,C0000006583,TE_EC_GC_17_Size,ECGC_17_S,EC_GC_17,,C3,IM,C0000009964,360 Reimagined 22 AFT WT/BL FH Tuftplate,WHEN 'C0000003522' THEN 'HDL_SF_13_Size',,C3,IM,#N/A,,,,,,,WHEN '61016713' THEN 'HA_S4_TPL_108_Size',61016713,HA_S4_TPL_108_Size,108,C5
C0000003534,HDL_SF_13_Size,SF_13,SF_13,,C0000006605,TE_PC_18_Size,PC_18_S,PC_18,,C3,IM,C0000009992,360 Reimagined 22 AFT DBL/WT/BL/WT FH S4,WHEN 'C0000003534' THEN 'HDL_SF_13_Size',,C3,IM,#N/A,,,,,,,WHEN '61009130' THEN 'HA_S4_TPL_108_Size',61009130,HA_S4_TPL_108_Size,108,C5
C0000003535,HDL_SF_13_Size,SF_13,SF_13,,C0000006606,TE_PC_18_Size,PC_18_S,PC_18,,C3,IM,C0000009993,360 Reimagined 22 AFT LBL/WT/BL/WT FH S4,WHEN 'C0000003535' THEN 'HDL_SF_13_Size',,C3,IM,#N/A,,,,,,,WHEN '61009155' THEN 'HA_S4_TPL_108_Size',61009155,HA_S4_TPL_108_Size,108,C5
C0000003536,HDL_SF_13_Size,SF_13,SF_13,,C0000006607,TE_PC_18_Size,PC_18_S,PC_18,,C3,IM,C0000009994,360 Reimagined 22 AFT PU/WT/BL/WT FH S4,WHEN 'C0000003536' THEN 'HDL_SF_13_Size',,#N/A,SKE,#N/A,,,,,,,WHEN '61057206' THEN 'HA_S4_TPL_108_Size',61057206,HA_S4_TPL_108_Size,108,C3
C0000003658,SKE_SS_14_Size,SS_14,SS_14,,C0000006608,TE_PC_18_Size,PC_18_S,PC_18,,C3,IM,C0000009995,360 Reimagined 22 AFT GN/WT/BL/WT FH S4,WHEN 'C0000003658' THEN 'SKE_SS_14_Size',,,IM,#N/A,,,,,,,WHEN '61016708' THEN 'HA_S4_TPL_108_Size',61016708,HA_S4_TPL_108_Size,108,C3
C0000003659,SKE_SS_14_Size,SS_14,SS_14,,C0000006609,TE_PC_18_Size,PC_18_M,PC_18,,C3,IM,C0000010255,360 RMG Optic White 22 FH WT/WT/PU HDL,WHEN 'C0000003659' THEN 'SKE_SS_14_Size',,,IM,#N/A,,,,,,,WHEN '61057213' THEN 'HA_S4_TPL_120_Size',61057213,HA_S4_TPL_120_Size,120,C3
C0000003660,SKE_SS_14_Size,SS_14,SS_14,,C0000006610,TE_PC_18_Size,PC_18_M,PC_18,,C3,IM,C0000010256,360 RMG Optic White 22 FH WT/WT/GN HDL,WHEN 'C0000003660' THEN 'SKE_SS_14_Size',,,IM,#N/A,,,,,,,WHEN '61009158' THEN 'HA_S4_TPL_120_Size',61009158,HA_S4_TPL_120_Size,120,C5
C0000003662,HDL_SS_14_Size,SS_14,SS_14,,C0000006611,TE_PC_18_Size,PC_18_M,PC_18,,C3,IM,C0000010257,360 RMG Optic White 22 FH WT/WT/BL HDL,WHEN 'C0000003662' THEN 'HDL_SS_14_Size',,,IM,#N/A,,,,,,,WHEN '61057212' THEN 'HA_S4_TPL_144_Size',61057212,HA_S4_TPL_144_Size,144,C3
C0000003663,HDL_SS_14_Size,SS_14,SS_14,,C0000006612,TE_PC_18_Size,PC_18_M,PC_18,,#N/A,SKE,C0000010258,Extra Clean 22 FH RPP PU Skeleton,WHEN 'C0000003663' THEN 'HDL_SS_14_Size',,,IM,#N/A,,,,,,,WHEN 'VN01318A' THEN 'HA_S4_TPL_144_Size',VN01318A,HA_S4_TPL_144_Size,144,C3
C0000003664,HDL_SS_14_Size,SS_14,SS_14,,C0000006687,TE_Kid 5+_US_Size,K5+_OCEAN,Kid 5+_US,,#N/A,SKE,C0000010259,Extra Clean 22 FH RPP PK Skeleton,WHEN 'C0000003664' THEN 'HDL_SS_14_Size',,,IM,#N/A,,,,,,,WHEN '61013737' THEN 'HA_S4_TPL_144_Size',61013737,HA_S4_TPL_144_Size,144,C5
C0000003730,SKE_SS_14_Size,SS_14,SS_14,,C0000006688,TE_Kid 5+_US_Size,K5+_OCEAN,Kid 5+_US,,#N/A,SKE,C0000010260,Extra Clean 22 FH RPP GN Skeleton,WHEN 'C0000003730' THEN 'SKE_SS_14_Size',,,IM,#N/A,,,,,,,WHEN 'VN00668A' THEN 'HA_S4_TPL_36_Size',VN00668A,HA_S4_TPL_36_Size,36,C3
C0000003731,HDL_SS_14_Size,SS_14,SS_14,,C0000006689,TE_Kid 5+_US_Size,K5+_OCEAN,Kid 5+_US,,#N/A,SKE,C0000010261,Extra Clean 22 FH RPP BL Skeleton,WHEN 'C0000003731' THEN 'HDL_SS_14_Size',,#N/A,SKE,#N/A,,,,,,,WHEN '61030644' THEN 'HA_S4_TPL_36_Size',61030644,HA_S4_TPL_36_Size,36,C3
C0000003784,SKE_PR_CL_14_Size,PR_CL_14,PR_CL_14,,C0000006690,TE_Kid 5+_US_Size,K5+_OCEAN,Kid 5+_US,,C3,IM,C0000010262,Extra Clean PU/WT 22 FH RPP Handle,WHEN 'C0000003784' THEN 'SKE_PR_CL_14_Size',,,IM,#N/A,,,,,,,WHEN '61035736' THEN 'HA_S4_TPL_36_Size',61035736,HA_S4_TPL_36_Size,36,C3
C0000003785,HDL_PR_CL_14_Size,PC_14,PR_CL_14,,C0000006819,TE_JUNGLE_5+_Size,JUNGLE_5+,JUNGLE_5+,,C3,IM,C0000010263,Extra Clean PK/WT 22 FH RPP Handle,WHEN 'C0000003785' THEN 'HDL_PR_CL_14_Size',,,IM,#N/A,,,,,,,WHEN '61006807' THEN 'HA_S4_TPL_36_Size',61006807,HA_S4_TPL_36_Size,36,C5
C0000003786,HDL_PR_CL_14_Size,PC_14,PR_CL_14,,C0000006820,TE_JUNGLE_5+_Size,JUNGLE_5+,JUNGLE_5+,,C3,IM,C0000010264,Extra Clean GN/WT 22 FH RPP Handle,WHEN 'C0000003786' THEN 'HDL_PR_CL_14_Size',,,IM,#N/A,,,,,,,WHEN '1051509' THEN 'HA_S4_TPL_36_Size',1051509,HA_S4_TPL_36_Size,120,C5
C0000003787,HDL_PR_CL_14_Size,PC_14,PR_CL_14,,C0000006821,TE_JUNGLE_5+_Size,JUNGLE_5+,JUNGLE_5+,,C3,IM,C0000010265,Extra Clean BL/WT 22 FH RPP Handle,WHEN 'C0000003787' THEN 'HDL_PR_CL_14_Size',,,IM,#N/A,,,,,,,WHEN '61006591' THEN 'HA_S4_TPL_36_Size',61006591,HA_S4_TPL_36_Size,36,C5
C0000003788,HDL_PR_CL_14_Size,PC_14,PR_CL_14,,C0000006822,TE_JUNGLE_5+_Size,JUNGLE_5+,JUNGLE_5+,,#N/A,SKE,C0000010271,Twister Base 22 FH CL Handle Step 1,WHEN 'C0000003788' THEN 'HDL_PR_CL_14_Size',,#N/A,SKE,#N/A,,,,,,,WHEN '1052183' THEN 'HA_S4_TPL_36_Size',1052183,HA_S4_TPL_36_Size,108,C5
C0000004745,HDL_123_15_Size,123_15,123_15,,C0000007105,TE_TW_WH_Size,TWWH_18_S,TW_WH,,C3,TE,C0000010278,360 RMG Optic White 22 FHS WT/WT/PU TB,WHEN 'C0000004745' THEN 'HDL_123_15_Size',,,IM,#N/A,,,,,,,WHEN '61048268' THEN 'HA_S4_TPL_36_Size',61048268,HA_S4_TPL_36_Size,36,C3
C0000004746,HDL_123_15_Size,123_15,123_15,,C0000007106,TE_TW_WH_Size,TWWH_,TW_WH,,C3,TE,C0000010279,360 RMG Optic White 22 FHS WT/WT/GN TB,WHEN 'C0000004746' THEN 'HDL_123_15_Size',,,IM,#N/A,,,,,,,WHEN '61006599' THEN 'HA_S4_TPL_36_Size',61006599,HA_S4_TPL_36_Size,36,C5
C0000004747,HDL_123_15_Size,123_15,123_15,,C0000007107,TE_TW_WH_Size,TWWH_,TW_WH,,C3,TE,C0000010280,360 RMG Optic White 22 FHS WT/WT/BL TB,WHEN 'C0000004747' THEN 'HDL_123_15_Size',,,IM,#N/A,,,,,,,WHEN '1050533' THEN 'HA_S4_TPL_36_Size',1050533,HA_S4_TPL_36_Size,288,C3
C0000004748,HDL_123_15_Size,123_15,123_15,,C0000007108,TE_TW_WH_Size,TWWH_18_M,TW_WH,,C3,TE,C0000010287,Extra Clean PU/WT 22 FHS RPP TB,WHEN 'C0000004748' THEN 'HDL_123_15_Size',,#N/A,SKE,#N/A,,,,,,,WHEN 'FVN59964' THEN 'HA_S4_TPL_36_Size',FVN59964,HA_S4_TPL_36_Size,144,C5
C0000004749,SKE_SS_15_Size,SS_15,SS_15,,C0000007109,TE_TW_WH_Size,TWWH_18_M,TW_WH,,C3,TE,C0000010288,Extra Clean PK/WT 22 FHS RPP TB,WHEN 'C0000004749' THEN 'SKE_SS_15_Size',,,IM,#N/A,,,,,,,WHEN '61020892' THEN 'HA_S4_TPL_36_Size',61020892,HA_S4_TPL_36_Size,36,C5
C0000004750,SKE_SS_15_Size,SS_15,SS_15,,C0000007110,TE_TW_WH_Size,TWWH_18_M,TW_WH,,C3,TE,C0000010289,Extra Clean GN/WT 22 FHS RPP TB,WHEN 'C0000004750' THEN 'SKE_SS_15_Size',,,IM,#N/A,,,,,,,WHEN '1052324' THEN 'HA_S4_TPL_36_Size',1052324,HA_S4_TPL_36_Size,36,C5
C0000004751,SKE_SS_15_Size,SS_15,SS_15,,C0000007155,TE_JUNGLE_5+_Size,JUNGLE_5+,JUNGLE_5+,,C3,TE,C0000010290,Extra Clean BL/WT 22 FHS RPP TB,WHEN 'C0000004751' THEN 'SKE_SS_15_Size',,,IM,#N/A,,,,,,,WHEN '1051992' THEN 'HA_S4_TPL_36_Size',1051992,HA_S4_TPL_36_Size,36,C5
C0000004752,SKE_SS_15_Size,SS_15,SS_15,,C0000007156,TE_TANDY_K_S_Size,K5+_TANDY_S,TANDY_K_S,,C3,TE,C0000010291,Extra Clean PU/WT 22 FHM RPP TB,WHEN 'C0000004752' THEN 'SKE_SS_15_Size',,#N/A,SKE,#N/A,,,,,,,WHEN 'VN00154A' THEN 'HA_S4_TPL_36_Size',VN00154A,HA_S4_TPL_36_Size,36,C3
C0000004788,HDL_SS_15_Size,SS_15,SS_15,,C0000007365,TE_GC 21_Size,GCCC_19_S,GC 21,,C3,TE,C0000010292,Extra Clean PK/WT 22 FHM RPP TB,WHEN 'C0000004788' THEN 'HDL_SS_15_Size',,#N/A,SKE,#N/A,,,,,,,WHEN '1051110' THEN 'HA_S4_TPL_36_Size',1051110,HA_S4_TPL_36_Size,36,C5
C0000004789,HDL_SS_15_Size,SS_15,SS_15,,C0000007366,TE_GC 21_Size,GCCC_19_S,GC 21,,C3,TE,C0000010293,Extra Clean GN/WT 22 FHM RPP TB,WHEN 'C0000004789' THEN 'HDL_SS_15_Size',,#N/A,SKE,#N/A,,,,,,,WHEN '61006600' THEN 'HA_S4_TPL_36_Size',61006600,HA_S4_TPL_36_Size,36,C5
C0000004790,HDL_SS_15_Size,SS_15,SS_15,,C0000007367,TE_GC 21_Size,GCCC_19_S,GC 21,,C3,TE,C0000010294,Extra Clean BL/WT 22 FHM RPP TB,WHEN 'C0000004790' THEN 'HDL_SS_15_Size',,#N/A,SKE,#N/A,,,,,,,WHEN '61035737' THEN 'HA_S4_TPL_36_Size',61035737,HA_S4_TPL_36_Size,36,C5
C0000004791,HDL_SS_15_Size,SS_15,SS_15,,C0000007368,TE_GC 21_Size,GCCC_19_S,GC 21,,#N/A,SKE,C0000010401,Double Action 22 XH BLSkeleton,WHEN 'C0000004791' THEN 'HDL_SS_15_Size',,,IM,#N/A,,,,,,,WHEN '61035804' THEN 'HA_S4_TPL_36_Size',61035804,HA_S4_TPL_36_Size,36,C3
C0000004841,HDL_AC_17_Size,AC_17,AC_17,,C0000007377,TE_ZZGC18_Size,ZZGC_18,ZZGC18,,#N/A,SKE,C0000010402,Double Action 22 XH PK Skeleton,WHEN 'C0000004841' THEN 'HDL_AC_17_Size',,,IM,#N/A,,,,,,,WHEN '61041843' THEN 'HA_S4_TPL_36_Size',61041843,HA_S4_TPL_36_Size,36,C5
C0000004842,HDL_AC_17_Size,AC_17,AC_17,,C0000007378,TE_ZZGC18_Size,ZZGC_18,ZZGC18,,#N/A,SKE,C0000010403,Double Action 22 XH GN Skeleton,WHEN 'C0000004842' THEN 'HDL_AC_17_Size',,,IM,#N/A,,,,,,,WHEN '1050534' THEN 'HA_S4_TPL_36_Size',1050534,HA_S4_TPL_36_Size,288,C5
C0000004843,HDL_AC_17_Size,AC_17,AC_17,,C0000007379,TE_ZZGC18_Size,ZZGC_18,ZZGC18,,C3,IM,C0000010412,Double Action 22 XH PK/WT Handle,WHEN 'C0000004843' THEN 'HDL_AC_17_Size',,,IM,#N/A,,,,,,,WHEN '61030150' THEN 'HA_S4_TPL_36_Size',61030150,HA_S4_TPL_36_Size,36,C3
C0000005071,SKE_GC 15_Size,GC 15,GC 15,,C0000007397,TE_SF_GC_19_Size,SFGC_19,SF_GC_19,,C3,IM,C0000010413,Double Action 22 XH GN/WT Handle,WHEN 'C0000005071' THEN 'SKE_GC 15_Size',,,IM,#N/A,,,,,,,WHEN 'VN01054A' THEN 'HA_S4_TPL_36_Size',VN01054A,HA_S4_TPL_36_Size,36,C5
C0000005075,SKE_ZZ 15_Size,ZZ 15,ZZ 15,,C0000007398,TE_SF_GC_19_Size,SFGC_19,SF_GC_19,,C3,IM,C0000010414,Double Action 22 XH BL/WT Handle,WHEN 'C0000005075' THEN 'SKE_ZZ 15_Size',,,IM,#N/A,,,,,,,WHEN '1053202' THEN 'HA_S4_TPL_36_Size',1053202,HA_S4_TPL_36_Size,36,C5
C0000005076,SKE_ZZ 15_Size,ZZ 15,ZZ 15,,C0000007399,TE_SF_GC_19_Size,SFGC_19,SF_GC_19,,C3,TE,C0000010422,Double Action 22 XHM PK/WT TB,WHEN 'C0000005076' THEN 'SKE_ZZ 15_Size',,,IM,#N/A,,,,,,,WHEN '61046302' THEN 'HA_S4_TPL_36_Size',61046302,HA_S4_TPL_36_Size,36,C3
C0000005077,SKE_ZZ 15_Size,ZZ 15,ZZ 15,,C0000007400,TE_SF_GC_19_Size,SFGC_19,SF_GC_19,,C3,TE,C0000010423,Double Action 22 XHM GN/WT TB,WHEN 'C0000005077' THEN 'SKE_ZZ 15_Size',,,IM,#N/A,,,,,,,WHEN '61048265' THEN 'HA_S4_TPL_36_Size',61048265,HA_S4_TPL_36_Size,36,C5
C0000005078,SKE_ZZ 15_Size,ZZ 15,ZZ 15,,C0000007523,TE_Kid 6+_S_Size,K6+_TAPER_S,Kid 6+_S,,C3,TE,C0000010424,Double Action 22 XHM BL/WT TB,WHEN 'C0000005078' THEN 'SKE_ZZ 15_Size',,#N/A,SKE,#N/A,,,,,,,WHEN '61006574' THEN 'HA_S4_TPL_36_Size',61006574,HA_S4_TPL_36_Size,36,C5
C0000005079,SKE_EXCL_15_Size,EXCL_15,EXCL_15,,C0000007525,TE_Kid 6+_S_Size,K6+_TAPER_S,Kid 6+_S,,C3,IM,C0000010474,Premier Clean 22 FH PU/WT Handle,WHEN 'C0000005079' THEN 'SKE_EXCL_15_Size',,#N/A,SKE,#N/A,,,,,,,WHEN '1059964' THEN 'HA_S4_TPL_36_Size',1059964,HA_S4_TPL_36_Size,144,C5
C0000005121,HDL_GC 15_Size,GC_15,GC 15,,C0000007526,TE_TA_GC_19_Size,TAGC_19_S,TA_GC_19,,C3,IM,C0000010475,Premier Clean 22 FH PK/WT Handle,WHEN 'C0000005121' THEN 'HDL_GC 15_Size',,#N/A,SKE,#N/A,,,,,,,WHEN '61019883' THEN 'HA_S4_TPL_72_Size',61019883,HA_S4_TPL_72_Size,72,C5
C0000005122,HDL_GC 15_Size,GC_15,GC 15,,C0000007527,TE_TA_GC_19_Size,TAGC_19_S,TA_GC_19,,C3,IM,C0000010476,Premier Clean 22 FH BL/WT Handle,WHEN 'C0000005122' THEN 'HDL_GC 15_Size',,#N/A,SKE,#N/A,,,,,,,WHEN '61049254' THEN 'HA_S4_TPL_72_Size',61049254,HA_S4_TPL_72_Size,72,C3
C0000005123,HDL_GC 15_Size,GC_15,GC 15,,C0000007528,TE_TA_GC_19_Size,TAGC_19_S,TA_GC_19,,C3,IM,C0000010477,Premier Clean 22 FH GN/WT Handle,WHEN 'C0000005123' THEN 'HDL_GC 15_Size',,,IM,#N/A,,,,,,,WHEN 'VN00964A' THEN 'HA_S4_TPL_72_Size',VN00964A,HA_S4_TPL_72_Size,72,C3
C0000005124,HDL_GC 15_Size,GC_15,GC 15,,C0000007529,TE_TA_GC_19_Size,TAGC_19_S,TA_GC_19,,C3,TE,C0000010482,Premier Clean 22 FHS PU/WT TB,WHEN 'C0000005124' THEN 'HDL_GC 15_Size',,,IM,#N/A,,,,,,,WHEN '61018233' THEN 'HA_S4_TPL_72_Size',61018233,HA_S4_TPL_72_Size,72,C3
C0000005138,HDL_ZZ 15_Size,ZZ_15,ZZ 15,,C0000007569,TE_Pro_19_CH_Size,PRO_19CH_M,Pro_19_CH,,C3,TE,C0000010483,Premier Clean 22 FHS PK/WT TB,WHEN 'C0000005138' THEN 'HDL_ZZ 15_Size',,,IM,#N/A,,,,,,,WHEN 'VN01119A' THEN 'HA_S4_TPL_72_Size',VN01119A,HA_S4_TPL_72_Size,72,C5
C0000005139,HDL_ZZ 15_Size,ZZ_15,ZZ 15,,C0000007570,TE_Pro_19_CH_Size,PRO_19CH_M,Pro_19_CH,,C3,TE,C0000010484,Premier Clean 22 FHS GN/WT TB,WHEN 'C0000005139' THEN 'HDL_ZZ 15_Size',,,IM,#N/A,,,,,,,WHEN '61018483' THEN 'HA_S4_TPL_72_Size',61018483,HA_S4_TPL_72_Size,72,C5
C0000005140,HDL_ZZ 15_Size,ZZ_15,ZZ 15,,C0000007571,TE_Pro_19_CH_Size,PRO_19CH_M,Pro_19_CH,,C3,TE,C0000010485,Premier Clean 22 FHS BL/WT TB,WHEN 'C0000005140' THEN 'HDL_ZZ 15_Size',,,,,,,,,,,WHEN '61049730' THEN 'HA_S4_TPL_72_Size',61049730,HA_S4_TPL_72_Size,72,C3
C0000005141,HDL_ZZ 15_Size,ZZ_15,ZZ 15,,C0000007572,TE_Pro_19_CH_Size,PRO_19CH_M,Pro_19_CH,,C3,IM,C0000010523,Twister Base 23 FH CL/OR Handle,WHEN 'C0000005141' THEN 'HDL_ZZ 15_Size',,,,,,,,,,,WHEN '61007158' THEN 'HA_S4_TPL_72_Size',61007158,HA_S4_TPL_72_Size,72,C5
C0000005173,HDL_EXCL_15_Size,EC_15,EXCL_15,,C0000007863,TE_EXCL_19_Size,EC_19_M,EXCL_19,,C3,IM,C0000010524,Twister Base 23 FH CL/PK Handle,WHEN 'C0000005173' THEN 'HDL_EXCL_15_Size',,,,,,,,,,,WHEN 'VN00931A' THEN 'HA_S4_TPL_72_Size',VN00931A,HA_S4_TPL_72_Size,72,C3
C0000005174,HDL_EXCL_15_Size,EC_15,EXCL_15,,C0000007864,TE_EXCL_19_Size,EC_19_M,EXCL_19,,C3,IM,C0000010525,Twister Base 23 FH CL/GN Handle,WHEN 'C0000005174' THEN 'HDL_EXCL_15_Size',,,,,,,,,,,WHEN 'VN01315A' THEN 'HA_S4_TPL_72_Size',VN01315A,HA_S4_TPL_72_Size,72,C5
C0000005175,HDL_EXCL_15_Size,EC_15,EXCL_15,,C0000007865,TE_EXCL_19_Size,EC_19_M,EXCL_19,,C3,IM,C0000010526,Twister Base 23 FH CL/BL Handle,WHEN 'C0000005175' THEN 'HDL_EXCL_15_Size',,,,,,,,,,,WHEN '1050446' THEN 'HA_S4_TPL_72_Size',1050446,HA_S4_TPL_72_Size,72,C3
C0000005176,HDL_EXCL_15_Size,EC_15,EXCL_15,,C0000007866,TE_EXCL_19_Size,EC_19_M,EXCL_19,,C3,TE,C0000010544,Twister Base 23 FHS CL/BL TB,WHEN 'C0000005176' THEN 'HDL_EXCL_15_Size',,,,,,,,,,,WHEN '61034593' THEN 'HA_S4_TPL_72_Size',61034593,HA_S4_TPL_72_Size,72,C3
C0000005544,HDL_EC_GC 15_Size,ECGC_15,EC_GC 15,,C0000007867,TE_EXCL_19_Size,EC_19_S,EXCL_19,,C3,TE,C0000010545,Twister Base 23 FHS CL/GN TB,WHEN 'C0000005544' THEN 'HDL_EC_GC 15_Size',,,,,,,,,,,WHEN 'VN00930A' THEN 'HA_S4_TPL_72_Size',VN00930A,HA_S4_TPL_72_Size,72,C5
C0000005545,HDL_EC_GC 15_Size,ECGC_15,EC_GC 15,,C0000007868,TE_EXCL_19_Size,EC_19_S,EXCL_19,,C3,TE,C0000010546,Twister Base 23 FHS CL/PK TB,WHEN 'C0000005545' THEN 'HDL_EC_GC 15_Size',,,,,,,,,,,WHEN '1051541' THEN 'HA_S4_TPL_72_Size',1051541,HA_S4_TPL_72_Size,72,C3
C0000005546,HDL_EC_GC 15_Size,ECGC_15,EC_GC 15,,C0000007869,TE_EXCL_19_Size,EC_19_S,EXCL_19,,C3,TE,C0000010547,Twister Base 23 FHS CL/OR TB,WHEN 'C0000005546' THEN 'HDL_EC_GC 15_Size',,,,,,,,,,,WHEN '61014073' THEN 'HA_S4_TPL_72_Size',61014073,HA_S4_TPL_72_Size,72,C3
C0000005662,SKE_SF_21_Size,SF_21,SF_21,,C0000007870,TE_EXCL_19_Size,EC_19_S,EXCL_19,,C3,TE,C0000010548,Twister Base 23 FHM CL/BL TB,WHEN 'C0000005662' THEN 'SKE_SF_21_Size',,,,,,,,,,,WHEN '1051996' THEN 'HA_S4_TPL_72_Size',1051996,HA_S4_TPL_72_Size,72,C5
C0000005681,HDL_SF_15_Size,SFBK_21,SF_15,,C0000007871,TE_EXCL_19_RPP_Size,EC_19RPP_M,EXCL_19_RPP,,C3,TE,C0000010549,Twister Base 23 FHM CL/GN TB,WHEN 'C0000005681' THEN 'HDL_SF_15_Size',,,,,,,,,,,WHEN 'VN00819A' THEN 'HA_S4_TPL_72_Size',VN00819A,HA_S4_TPL_72_Size,108,C5
C0000005682,HDL_SF_15_Size,SFBK_21,SF_15,,C0000007872,TE_EXCL_19_RPP_Size,EC_19RPP_M,EXCL_19_RPP,,C3,TE,C0000010550,Twister Base 23 FHM CL/PK TB,WHEN 'C0000005682' THEN 'HDL_SF_15_Size',,,,,,,,,,,WHEN 'VN01175A' THEN 'HA_S4_TPL_72_Size',VN01175A,HA_S4_TPL_72_Size,72,C5
C0000005683,HDL_SF_15_Size,SFBK_21,SF_15,,C0000007873,TE_EXCL_19_RPP_Size,EC_19RPP_M,EXCL_19_RPP,,C3,TE,C0000010551,Twister Base 23 FHM CL/OR TB,WHEN 'C0000005683' THEN 'HDL_SF_15_Size',,,,,,,,,,,WHEN '61062111' THEN 'HA_S4_TPL_72_Size',61062111,HA_S4_TPL_72_Size,72,C3
C0000005684,HDL_SF_15_Size,SFBK_21,SF_15,,C0000007874,TE_EXCL_19_RPP_Size,EC_19RPP_M,EXCL_19_RPP,,C3,TE,C0000010630,Mid-Tier Age 5+ Tapered 23 YHX BL TB,WHEN 'C0000005684' THEN 'HDL_SF_15_Size',,,,,,,,,,,WHEN 'VN00605A' THEN 'HA_S4_TW+C_Size',VN00605A,HA_S4_TW+C_Size,72,C5
C0000005791,SKE_DBA_16_Size,DBA_16,DBA_16,,C0000007875,TE_EXCL_19_RPP_Size,EC_19RPP_S,EXCL_19_RPP,,C3,TE,C0000010631,Mid-Tier Age 5+ Tapered 23 YHX GN TB,WHEN 'C0000005791' THEN 'SKE_DBA_16_Size',,,,,,,,,,,WHEN '61006597' THEN 'HA_S4_TW+C_Size',61006597,HA_S4_TW+C_Size,24,C5
C0000005792,SKE_DBA_16_Size,DBA_16,DBA_16,,C0000007876,TE_EXCL_19_RPP_Size,EC_19RPP_S,EXCL_19_RPP,,C3,TE,C0000010632,Mid-Tier Age 5+ Tapered 23 YHX PK TB,WHEN 'C0000005792' THEN 'SKE_DBA_16_Size',,,,,,,,,,,WHEN 'VN00875A' THEN 'HA_S4_TW+C_Size',VN00875A,HA_S4_TW+C_Size,24,C5
C0000005793,SKE_DBA_16_Size,DBA_16,DBA_16,,C0000007877,TE_EXCL_19_RPP_Size,EC_19RPP_S,EXCL_19_RPP,,C3,TE,C0000010633,Mid-Tier Age 5+ Tapered 23 YHX PU TB,WHEN 'C0000005793' THEN 'SKE_DBA_16_Size',,,,,,,,,,,WHEN 'VN00591A' THEN 'HA_S4_TW+C_Size',VN00591A,HA_S4_TW+C_Size,24,C5
C0000005794,HDL_DBA_16_Size,DA_16,DBA_16,,C0000007878,TE_EXCL_19_RPP_Size,EC_19RPP_S,EXCL_19_RPP,,C3,TE,C0000010864,360 RMG 23 GN/WT/BL/WT Non AB FHS AFT TB,WHEN 'C0000005794' THEN 'HDL_DBA_16_Size',,,,,,,,,,,WHEN 'VN00737A' THEN 'HA_S4_TW_24_Size',VN00737A,HA_S4_TW_24_Size,24,C5
C0000005795,HDL_DBA_16_Size,DA_16,DBA_16,,C0000007957,TE_CHARCOAL_19_Size,SSCC_19_S,CHARCOAL_19,,C3,TE,C0000010865,360 RMG 23 PU/WT/BL/WT Non AB FHS AFT TB,WHEN 'C0000005795' THEN 'HDL_DBA_16_Size',,,,,,,,,,,WHEN 'VN00854A' THEN 'HA_S4_TW_24_Size',VN00854A,HA_S4_TW_24_Size,24,C5
C0000005796,HDL_DBA_16_Size,DA_16,DBA_16,,C0000007958,TE_CHARCOAL_19_Size,SSCC_19_S,CHARCOAL_19,,C3,TE,C0000010866,360 RMG 23 LBL/WT/BL/WT Non ABFHS AFT TB,WHEN 'C0000005796' THEN 'HDL_DBA_16_Size',,,,,,,,,,,WHEN 'VN00723A' THEN 'HA_S4_TW_24_Size',VN00723A,HA_S4_TW_24_Size,24,C5
C0000005863,SKE_TW16 UH_Size,TW16 UH,TW16 UH,,C0000007959,TE_CHARCOAL_19_Size,SSCC_19_S,CHARCOAL_19,,C3,TE,C0000010867,360 RMG 23 DBL/WT/BL/WT Non ABFHS AFT TB,WHEN 'C0000005863' THEN 'SKE_TW16 UH_Size',,,,,,,,,,,WHEN 'VN00968A' THEN 'HA_S4_TW_24_Size',VN00968A,HA_S4_TW_24_Size,24,C5
C0000005864,SKE_TW 16_Size,TW 16,TW 16,,C0000007960,TE_CHARCOAL_19_Size,SSCC_19_S,CHARCOAL_19,,C3,TE,C0000010868,360 RMG 23 GN/WT/BL/WT Non AB FHM AFT TB,WHEN 'C0000005864' THEN 'SKE_TW 16_Size',,,,,,,,,,,WHEN '61009999' THEN 'HA_S4_TW_24_Size',61009999,HA_S4_TW_24_Size,24,C5
C0000005880,HDL_TW16 UH_Size,TW16_UH,TW16 UH,,C0000008392,TE_ZZ20_Size,ZZ_20_S,ZZ20,,C3,TE,C0000010869,360 RMG 23 PU/WT/BL/WT Non AB FHM AFT TB,WHEN 'C0000005880' THEN 'HDL_TW16 UH_Size',,,,,,,,,,,WHEN 'VN00710A' THEN 'HA_S4_TW_24_Size',VN00710A,HA_S4_TW_24_Size,24,C5
C0000005881,HDL_TW16 UH_Size,TW16_UH,TW16 UH,,C0000008393,TE_ZZ20_Size,ZZ_20_S,ZZ20,,C3,TE,C0000010870,360 RMG 23 LBL/WT/BL/WT Non ABFHM AFT TB,WHEN 'C0000005881' THEN 'HDL_TW16 UH_Size',,,,,,,,,,,WHEN '1052904' THEN 'HA_S4_TW_24_Size',1052904,HA_S4_TW_24_Size,72,C5
C0000005882,HDL_TW16 UH_Size,TW16_UH,TW16 UH,,C0000008394,TE_ZZ20_Size,ZZ_20_S,ZZ20,,C3,TE,C0000010871,360 RMG 23 DBL/WT/BL/WT Non ABFHM AFT TB,WHEN 'C0000005882' THEN 'HDL_TW16 UH_Size',,,,,,,,,,,WHEN 'VN01324A' THEN 'HA_S4_TW_24_Size',VN01324A,HA_S4_TW_24_Size,24,C5
C0000005883,HDL_TW16 UH_Size,TW16_UH,TW16 UH,,C0000008395,TE_ZZ20_Size,ZZ_20_S,ZZ20,,C9,TE,C0000010923,Total Clean 23 CHS GN/WT TB,WHEN 'C0000005883' THEN 'HDL_TW16 UH_Size',,,,,,,,,,,WHEN '61015179' THEN 'HA_S4_TW_24_Size',61015179,HA_S4_TW_24_Size,24,C5
C0000005884,HDL_TW 16_Size,TW_16,TW 16,,C0000008401,TE_ZZ20_Size,ZZ_20_M,ZZ20,,C9,TE,C0000010924,Total Clean 23 CHS RD/WT TB,WHEN 'C0000005884' THEN 'HDL_TW 16_Size',,,,,,,,,,,WHEN '1050545' THEN 'HA_S4_TW_24_Size',1050545,HA_S4_TW_24_Size,24,C5
C0000005885,HDL_TW 16_Size,TW_16,TW 16,,C0000008402,TE_ZZ20_Size,ZZ_20_M,ZZ20,,#N/A,SKE,C0000010953,Twister Soft 23 UCH CL Skeleton,WHEN 'C0000005885' THEN 'HDL_TW 16_Size',,,,,,,,,,,WHEN '61023259' THEN 'HA_S4_TW_24_Size',61023259,HA_S4_TW_24_Size,24,C5
C0000005886,HDL_TW 16_Size,TW_16,TW 16,,C0000008403,TE_ZZ20_Size,ZZ_20_M,ZZ20,,C3,IM,C0000010964,Twister Soft 23 UCH CL/BL Handle,WHEN 'C0000005886' THEN 'HDL_TW 16_Size',,,,,,,,,,,WHEN 'VN00015B' THEN 'HA_S4_TW_24_Size',VN00015B,HA_S4_TW_24_Size,72,C5
C0000005887,HDL_TW 16_Size,TW_16,TW 16,,C0000008404,TE_ZZ20_Size,ZZ_20_M,ZZ20,,C3,IM,C0000010965,Twister Soft 23 UCH CL/GN Handle,WHEN 'C0000005887' THEN 'HDL_TW 16_Size',,,,,,,,,,,WHEN 'VN00006B' THEN 'HA_S4_TW_24_Size',VN00006B,HA_S4_TW_24_Size,72,C5
C0000005924,HDL_TWGC_16_Size,TWGC_16,TWGC_16,,C0000008410,TE_CDC_20_BL_Size,CCDC_11_S,CDC_20_BL,,C3,IM,C0000010966,Twister Soft 23 UCH CL/PK Handle,WHEN 'C0000005924' THEN 'HDL_TWGC_16_Size',,,,,,,,,,,WHEN '61020064' THEN 'HA_S4_TW_24_Size',61020064,HA_S4_TW_24_Size,24,C5
C0000005925,HDL_TWGC_16_Size,TWGC_16,TWGC_16,,C0000008561,TE_DBA_20_Size,DACC_20_M,DBA_20,,C3,IM,C0000010967,Twister Soft 23 UCH CL/OR Handle,WHEN 'C0000005925' THEN 'HDL_TWGC_16_Size',,,,,,,,,,,WHEN 'VN00745A' THEN 'HA_S4_TW_24_Size',VN00745A,HA_S4_TW_24_Size,24,C5
C0000005926,HDL_TWGC_16_Size,TWGC_16,TWGC_16,,C0000008562,TE_DBA_20_Size,DACC_20_M,DBA_20,,C9,IM,C0000011007,Total Clean 23 CH WT Headplate,WHEN 'C0000005926' THEN 'HDL_TWGC_16_Size',,,,,,,,,,,WHEN 'VN00736A' THEN 'HA_S4_TW_24_Size',VN00736A,HA_S4_TW_24_Size,24,C5
C0000005927,HDL_TWGC_16_Size,TWGC_16,TWGC_16,,C0000008563,TE_DBA_20_Size,DACC_20_M,DBA_20,,C9,IM,C0000011010,Total Clean 23 CH GN/WT Handle,WHEN 'C0000005927' THEN 'HDL_TWGC_16_Size',,,,,,,,,,,WHEN '61014180' THEN 'HA_S4_TW_24_Size',61014180,HA_S4_TW_24_Size,24,C5
C0000005970,HDL_TW16 PRO_Size,TW_PRO_16,TW16 PRO,,C0000008564,TE_DBA_20_Size,DACC_20_M,DBA_20,,C9,IM,C0000011011,Total Clean 23 CH OR/WT Handle,WHEN 'C0000005970' THEN 'HDL_TW16 PRO_Size',,,,,,,,,,,WHEN '61011943' THEN 'HA_S4_TW_24_Size',61011943,HA_S4_TW_24_Size,24,C5
C0000005971,HDL_TW16 PRO_Size,TW_PRO_16,TW16 PRO,,C0000008678,TE_ZZ GC 20_Size,ZZGC_20_S,ZZ GC 20,,#N/A,SKE,C0000011216,ZigZag Gumcare 24 FH WT Skeleton,WHEN 'C0000005971' THEN 'HDL_TW16 PRO_Size',,,,,,,,,,,WHEN '1050546' THEN 'HA_S4_TW_24_Size',1050546,HA_S4_TW_24_Size,24,C5
C0000005972,HDL_TW16 PRO_Size,TW_PRO_16,TW16 PRO,,C0000008679,TE_ZZ GC 20_Size,ZZGC_20_S,ZZ GC 20,,C8,IM,C0000011230,ZigZag Gumcare 24 FH WT/BL Handle,WHEN 'C0000005972' THEN 'HDL_TW16 PRO_Size',,,,,,,,,,,WHEN 'VN00592A' THEN 'HA_S4_TW_24_Size',VN00592A,HA_S4_TW_24_Size,24,C5